Property_Name,Latitude,Longitude,Province,Clean_District,District_Hierarchy,District/Town,Standardized_District,Distance_Nearest_Center_km,Primary_Commodity,Commodity_2,Commodity_3,Status,Reserves,Geology_Classification,Geology_Description,Distance_From_Chingola_km,Travel_Time_From_Chingola_Hours,District/Town_Original
Mneru Wanitpa,-8.2525,29.7583,Northern Province,Mporokoso,Northern Province > Mporokoso,A Large Area Between Lakes Mweru Wanitpa And Tanganyika,Mporokoso,The south boundary is approximately 30 KM north of Mporokoso,Diamond,,,Active,UNKNOWN,DIAMOND OCCURRENCE,Mineralization: DIAMOND; Formation: THE AREA IS UNDERLAIN BY MPOROKOSO GROUP.,519.7303403,7.424719147,
Kasangula (Kasongole),-8.5,29.5833,Northern Province,Mporokoso,Northern Province > Mporokoso,Northwest Of Lake Mweru Vanitipa,Mporokoso,Near the north border of Zambia with Zaire,Diamond,,,Active,NIL,KIMBERLITE OCCURRENCE,NOT RESEARCHED,486.8584059,6.955120085,
Nchelenge,-9.0025,28.7581,Northern Province,Mporokoso,Northern Province > Mporokoso,Borders On The Se Shore Of Lake Mweru,Mporokoso,The town of Nchelenge is in the centre of the area,Diamond,,,Active,NIL,DIAMOND OCCURRENCE,"Rock types: GRANITE, SANDSTONE; Formation: BASEMENT GRANITE AND PORPHTRY ARE OVERLAIN UNCOMFORTABLY BY THE MPOROKOSO GROUP.",404.9402474,5.784860677,
Chibote (Kananampango),-9.8333,29.5833,Northern Province,Mporokoso,Northern Province > Mporokoso,51 Km East Of Kawambwa,Mporokoso,250 KM NNE of Mansa,Iron,,,Active,AT LEAST 50 MILLION T @ 61% FE ACCORDING TO ANGLO AMERICAN,IRON FORMATION,Reserves: 50 MILLION T.,354.7914836,5.068449766,
Lupansa,-9.5833,30.1667,Northern Province,Mporokoso,Northern Province > Mporokoso,East Of The Kalunguishi Pl,Mporokoso,25 KM south of Mporokoso,Diamond,,,Unknown,TWO SMALL DIAMONDS WERE FOUND IN THE LUPANSA RIVER DURING PROSPECTING BY DE BEERS IN THE KALUNGUISHI PL (SEE).,IMACTIVE,NIL,414.1251469,5.916073527,
Chozi River,-9.0025,31.6756,Northern Province,Mporokoso,Northern Province > Mporokoso,On The Chozi River Near The Tanzanian Border,Mporokoso,Midway between Mbala and Nakonde,Diamond,,,Active,MILL,DIAMOND OCCURRENCE,Rock: Granite; Formation: Mporokoso Group,573.3337888,8.190482697,
Mafinga,-9.9833,33.25,Eastern Province,Near Headwaters Of The Luangwa River,Eastern Province > Near Headwaters Of The Luangwa River,Near Headwaters Of The Luangwa River,Near Headwaters Of The Luangwa River,25 KM NE of Isoka on main road to Chitipa in Malawi,Diamond,,,Active,NIL,DIAMOND OCCURRENCE,Rock types: METASEDIMENT; Formation: IN THE SOUTHEAST ARE PROMINENT HILLS OF MAFINGI GROUP.,653.5480995,9.336401421,
Isoka,-10.0028,32.1756,Muchinga Province,Isoka,Muchinga Province > Isoka,South Of Isoka,Isoka,The town of Isoka falls is within the PL near its north edge,Diamond,,,Active,NIL,KIMBERLITE SHARN,Rock types: GRANITE; Mineralization: DIAMOND.,549.2180989,7.845972841,
Mutenbula,-10.9667,32.0333,Muchinga Province,Isoka,Muchinga Province > Isoka,Kamangu Area,Isoka,120 KM SW of 150ka,Manganese,,,Active,NONE,SEDIMENTARY MANGAWESE,"Rock types: QUARTZITE, SCHIST, METASEDIMENT; Mineralization: IRON.",487.579904,6.965427199,
Situe,-10.8333,33.25,Eastern Province,In Or Near The Situe River,Eastern Province > In Or Near The Situe River,In Or Near The Situe River,In Or Near The Situe River,45 KM north of Chama near the Malawi border,Diamond,,,Unknown,UNKNOWN,RUMOURED ALLUVIAL DIAMOND OCCURRENCE,NOT RESEARCHED,617.6179189,8.823113127,
Chisasa Group,-11.8367,25.2569,North-Western Province,Mwinilunga,North-Western Province > Mwinilunga,"Sm, Nm And Ne Of Chisasa School",Mwinilunga,100 KM WNW of Solwezi,Iron,,,Active,"RESERVES ACCORDING TO TIKA LTD: CHISASA NO 1, 7.5 KM NM OF CHISASA: POSSIBLE 173,000 T @ 66.6% FE CHISASA NO 9, 4 KM N OF CHISASA: PROVEN 174,000 T @ 69.1% FE POSSIBLE 216,000 T @ 69.4% FE CHISASA NO 16, 12.5 KM NE OF CHISASA: PROVEN 68,000 T @ 60.9% FE POSSIBLE 43,000 T @ 60.9% FE CHISASA NO 18, 21 KM NE OF CHISASA: PROVEN 320,000 T @ 52.4% FE POSSIBLE 301,000 T @ 51.2% FE CHISASA NO 18A: PROVEN 293,000 T @ 58.9% FE PROBABLE 398,000 T @ 57.1% FE CHISASA NO 18B: PROVEN 1,721,000 T @ 57.1% FE PROBABLE 903,000 T @ 58.1% FE POSSIBLE 36,000 T @ 62.5% FE CHISASA NO 18C: POSSIBLE 127,000 T @ 61.3% FE VANTUNTU, 3 KM SE OF CHISASA NO 18: POSSIBLE 100,000 T @ 64.6% FE CHISASA NO 22, 25 KM N OF CHISASA: PROVEN 145,000 T @ 60.0% FE CHISASA NO 23, 10 KM NM OF CHISASA: PROVEN 153,000 T @ 63.2% FE POSSIBLE 192,000 T @ 63.2% FE KALUMBILA NO 1, ON MANAGESHI RIVER, 20 KM SN OF CHISASA: POSSIBLE 168,000 T @ APPROX 70% FE KALUMBILA NO 3, 30 KM SN OF CHISASA: POSSIBLE 71,000 T @ 67.6% FE KALUMBILA NO 5, 38 KM SN OF CHISASA: PROVEN 331,000 T @ 58.7% FE PROBABLE 150,000 T @ 58.7% FE KALUMBILA NO 6, 41 KM SN OF CHISASA PROVEN 109,000 T @ 63% FE KALUMBILA NO 7,8 AND 8A, 5 KM SE OF KALUMBILA NO 6: PROVEN 198,000 T a 55.6X FE PROBABLE 625,000 T a 57.9X FE POSSIBLE 159,000 T a 58.3X FE KALUMBILA NO 0, 25 KM S OF KALUMBILA 7: POSSIBLE 212,000 T a 50X FE CHONGNE NO 2, 12 KM NN OF KALUMBILA NO 6: POSSIBLE 50,000 T a NIGH GRADE",REPLACEMENT-TYPE IRON FORMATION,"Mineralization: IRON, MAGNETITE, HEMATITE.",292.2875438,4.17553634,
Chisale Iron,-12.0,26.6667,North-Western Province,Solwezi,North-Western Province > Solwezi,ENE Of Kansanshi,Solwezi,26 KM northeast of Solwezi,Iron,,,Active,NIL,VEIN TYPE IRON DEPOSITS,SE TRENDING BELT 30 X 6.5 KM CONTAINING NUMEROUS SMALL KOPJES OF HEMATITE. THE MAIN SHOWING IS A HEMATITE VEIN >1.6 KM LONG.,141.5922163,2.022745947,
Mansa Field (Luichira),-11.2,28.8667,Luapula Province,Mansa,Luapula Province > Mansa,Mansa Area,Mansa,Adjacent and to the northeast of the town of Mansa,Manganese,,,Active,UNKNOWN,VEIN-TYPE MANGAWESE ORES,Rock types: GRANITE.,184.983356,2.642619372,
Luapula Area (Esp. Bukanda,-8.5033,28.3414,Northern Province,Mporokoso,Northern Province > Mporokoso,Between Lake Nmehu (In The North) And Lake Bangneulu (In The South),Mporokoso,Bukanda (near the center of the area) is about 35 KM west of Mansa,Manganese,Copper,Zinc,Active,"IN THE LATE 1950S, MANGAWESE RESERVES AT MASHIMBA WERE ESTIMATED BY RST AT ABOUT 280,000 LONG TONS OF PROVEN + INFERRED MINERALIZATION, TO A DEPTH OF 50 FT. THESE WERE PROBABLY DEPLETED DURING THE ENSUING YEARS OF MINIM",SEDIMENT AND GRANITE-HOSTED LEAD,ZINC AND COPPER & GRANITE-HOSTED MANGAWESE,451.3197574,6.447425106,
Luapula Iron,-11.8833,28.55,Luapula Province,Mansa,Luapula Province > Mansa,20 Km West Of The Luapula River,Mansa,51 KM SW of mansas,Iron,,,Active,UNKNOWN,IRON OCCURRENCE,Mineralization: MAGNETITE.,104.9329799,1.49904257,
Shina Mgandu,-11.0833,31.3419,Muchinga Province,Isoka,Muchinga Province > Isoka,"Ne Of Shina Mgandu Village, Headwaters Of Mansha And Lubu Rivers",Isoka,On great north road midway between Mpika and Isoka,Diamond,,,Active,"ALTHOUGH THERE IS NO POTENTIAL FOR ECONOMIC EXPLOITATION, THE BULK SAMPLING OF GRAVELS YIELDED 0.0171 C OF ALUVIAL DIAMONDS PER 100 T OF GRAVELS.",ALUVIAL DIAMOND LOCALITY,Mineralization: DIAMOND; Formation: BENEATH WHICH ARE THE OLDER FOLDED ROCKS OF THE MANSHA RIVER GROUP.,412.8407186,5.897724551,
Kabale (Kanchibya),-11.5,31.4167,Muchinga Province,Isoka,Muchinga Province > Isoka,"South Of The Kabale Stream, A Tributary Of The Kanchibya",Isoka,45 KM north of Mpika,Diamond,,,Active,SPECULATIVE,DIAMOND/FEROUS KIMBERLITE,"Rock: Sandstone, Quartzite; Minerals: Diamond; Formation: River Group",404.5556407,5.779366295,
Mpika - Lumanala,-11.0031,31.1753,Muchinga Province,Isoka,Muchinga Province > Isoka,North Of The Road Running West From Shima Ngandu,Isoka,75 KM north of Mpika,Diamond,,,Active,NIL,DIAMOND OCCURRENCE,"Rock types: SANDSTONE, METASEDIMENT; Mineralization: DIAMOND; Formation: LUITIKILA GROUP.",399.9675217,5.713821738,
Manyinga,-12.6703,23.9233,North-Western Province,Kabompo,North-Western Province > Kabompo,"Embraces The Mawinga Stream, Which Flows South Into The Kabompo",Kabompo,The south limit of the PL is 15 KM north of Kabompo,Diamond,,,Active,NIL,DIAMOND OCCURRENCE,Rock types: GRANITE.,426.3757353,6.091081933,
Mujimbeji Mso/F,-12.0833,24.9833,North-Western Province,Mwinilunga,North-Western Province > Mwinilunga,10 Km East Of The Mwinilunga Ntambu Road,Mwinilunga,70 KM SE of Mwinilunga,Copper,,,Active,NIL,STRATIFORM COPPER,"THE PROPERTY IS LOCATED ON THE VEST SIDE OF THE KABOMPO DOME, AND IS UNDERLAIN BY CALCAREOUS ROCKS A...",315.4236636,4.506052338,
Kalaba,-12.25,24.45,North-Western Province,Mwinilunga,North-Western Province > Mwinilunga,14 Km West Of The Mwinilunga Ntambu Road,Mwinilunga,70 KM SE of Mwinilunga,Copper,Cobalt,Uranium,Active,MIL,STRATIFORM COPPER,"Mineralization: COPPER, MALACHITE, CHALCOPYRITE.",370.5941197,5.29420171,
West Lunga Iron,-12.0033,24.0069,North-Western Province,Mwinilunga,North-Western Province > Mwinilunga,West Lunga Area,Mwinilunga,South of Mwinilunga,Iron,,,Unknown,INACTIVE,NIL,IRON DEPOSITS,421.7026203,6.024323147,
West Lunga Diamonds,-12.17,24.34,North-Western Province,Mwinilunga,North-Western Province > Mwinilunga,"South Of Mwinilunga, North Of The West Lunga National Park",Mwinilunga,45 to 75 KM south of Mwinilunga,Diamond,,,Active,MIL,DIAMOND OCCURRENCE,Rock: Dolomite,383.3914102,5.477020146,
K7,-12.8167,24.6667,North-Western Province,Kabompo,North-Western Province > Kabompo,40 Km East Of The Kabompo Muniilunga Road,Kabompo,105 KM NE of Kabompo,Uranium,Copper,,Active,NIL,INSIGNIFICANT ANOMALY,Rock types: CONGLOMERATE; Mineralization: MALACHITE.,346.7768123,4.953954462,
Kabarisa,-12.2,25.8333,North-Western Province,Solwezi,North-Western Province > Solwezi,7 Km Ne Of Malundne On The Road To Airstrip,Solwezi,Approximately 80 KM west of Solwezi,Copper,Amethyst,Emerald,Active,NIL,COPPER-BEARING SCHISTS AND ULTRAWAFIC ROCKS,"Rock types: SCHIST; Mineralization: COPPER, CHALCOPYRITE, PYRITE.",222.1527001,3.173610001,
Lumiana Chimiwango,-12.2833,25.8833,North-Western Province,Solwezi,North-Western Province > Solwezi,8 Km Se Of Malundae,Solwezi,60 KM west of Solwezi,Copper,Uranium,Cobalt,Active,"RTZ CONSULTANTS ESTIMATE A MINEABLE RESERVE OF 490.6 MILLION TOWNS CONTAINED IN TWO DEPOSITS; CHIMIWANGO SOUTH CONTAINING 97.5 MILLION TOWNS 0.1.01X COPPER, WITH A VASTE/ORE RATIO OF 6.8:1 AND CHIMIWANGO NORTH CONTAINING 393.1 MILLION TOWNS 0.75X COPPER, WITH A VASTE/ORE RATIO OF 5.0:1. AGIP ESTIMATE A RESERVE OF 13.28 MILLION TOWNS 0.1.2X COPPER, WITH A VASTE/ORE RATIO OF 4.1:1. SEE MALUNDAE DESCRIPTION FOR MORE DETAILS.",STRATIFORM COPPER,GEOLOGICALLY SIMILAR TO THE MALUNDAE DEPOSIT LOCATED 8 KM TO THE NM.,215.3758359,3.076797656,
Lunhana Lubue,-12.15,25.9667,North-Western Province,Solwezi,North-Western Province > Solwezi,16 Km East Of Malundue,Solwezi,48 KM west of Solwezi,Copper,,,Active,FREEMAN (1988-2) ESTIMATED A RESOURCE OF 70 MILLION TONNES @ 0.8X COPPER.,STRATIFORM COPPER,"Rock types: SCHIST, GNEISS, DOLOMITE; Mineralization: COPPER, CHALCOPYRITE, PYRITE.",208.9696371,2.985280529,
Lumiana Maluhque,-12.25,25.8,North-Western Province,Solwezi,North-Western Province > Solwezi,6 Km Horth Of Solwezi-Muthilunga Road,Solwezi,65 KM west of Solwezi,Copper,Uranium,Gold,Active,"RTZ CONSULTANTS ESTIMATE MINERALE RESERVES AT 92.1 MILLION TONNES GRADING 1.12K COPPER IN OPEN PIT RESERVES AT MALUNDUE WITH A MASTELORE STRIPPING RATIO OF 6.4:1 IN THEIR 1976 ""VIABILITY"" STUDY. THEY ESTIMATE GEOLOGICAL RESERVES FOR THE TWO DEPOSITS AT A CUT-OFF OF 0.3K AT 749 MILLION TONNES @ 0.84K COPPER (MALUNDUE CONTAINING 114 MILLION TONNES @ 1.11K AND CHIMIUNGO CONTAINING 635 MILLION TONNES @ 0.79K COPPER). FREEMAN (1990-8) STATES THAT AN AGIP ""PREFEASTABILITY STUDY"" ESTIMATES OPEN PIT RESERVES AT MALUNDUE AT 19.5 MILLION TONNES @ 1.4K COPPER, AT A STRIPPING RATIO OF 3.21:1. WITHIN THE PIT, A URANIUM DEPOSIT CONTAINING 4,000 T U (0.56 MILLION TONNES @ 0.65K US08) WOULD BE RECOVERED.",STRATIFORM COPPER,"Rock types: QUARTZITE, SCHIST, DOLOMITE; Mineralization: CHALCOPYRITE, PYRITE.",224.856258,3.212232257,
Muombezhi Copper,-12.2833,25.5333,North-Western Province,Solwezi,North-Western Province > Solwezi,28 Km West Of Lunmana Malundne,Solwezi,95 KM west of Solwezi,Copper,,,Unknown,NIL,STRATIFORM COPPER,SPARSE DISSEMINATED COPPER IN SCHISTS PROBABLY OF SIMILAR AGE TO MALUNDNE.,253.1143739,3.615919627,
Shileada,-12.4167,25.75,North-Western Province,Solwezi,North-Western Province > Solwezi,15 Km South Of Solvezi Nvinilunga Road,Solwezi,75 KM west of Solwezi,Copper,,,Active,NIL,EXOTIC (TRANSPORTED) SUPERGENE OCCURRENCE,No description available,228.3645292,3.262350417,
Kalumbila,-12.2667,25.2833,North-Western Province,Solwezi,North-Western Province > Solwezi,"Solwezi-Kalumbila Pl, Muniilunga Area, Just Se Of Kaboppo Dome",Solwezi,"350 KM u of chimgola, 18 KM v of muniilunga road",Nickel,Copper,,Unknown,"ESTIMATED 7 MILLION TONS GRADING 0.55X NI, 0.2X Co AND 0.15X Cu (GARLICK - R.S.T., 1964?). THE DRILL HOLE SPACING IS TOO GREAT FOR AN ACCURATE ESTIMATE (SPACING OF 150-300 M), HOWEVER, ASSUMING CONTINUITY BETWEEN INTERSECTIONS, AMGLO DID A CALCULATION IN 1972(?) , AND CAME UP WITH POSSIBLE RESERVES (TOTALLING 8.0 MILLION T GRADING 0.54X NI, 0.20X Co, 0.14X Cu) OF: 2 HIGH GRADE LENSES (-0.4X NI) - 3.0 MILLION T @ 0.73X NI, 0.27X Co, 0.12X Cu & 0.3 MILLION T @ 0.8X NI, 0.78 Co, 0.17X Cu 3 LOW GRADE LENSES - TOTAL OF 4.7 MILLION T @ 0.4X NI, 0.12X Co, 0.14X Cu",SHALE-MOSTED LENSUID NICKEL AND STRATIFORM COPPER DEPOSIT,"APPLETON (1978), ELLIS (1963), FREEMAN (1972 - 1, 1988 -",280.3139563,4.00448509,
Javuma,-12.9667,25.2333,North-Western Province,Kasempa,North-Western Province > Kasempa,14 Km North Of The Kalengwa Kalulushi Road,Kasempa,60 KM NNE of kalengwa,Copper,,,Active,NIL,SUPERGENE ENRICHED SEDIMENTARY COPPER,"Rock types: SHALE; Mineralization: COPPER, MALACHITE, DIAMOND.",287.8463476,4.11209068,
Itana,-12.9333,28.5833,Copperbelt Province,Luanshya,Copperbelt Province > Luanshya,Nodla Area,Luanshya,1. 5 KM east of nodla railway station,Zinc,Lead,Copper,Active,AS A BASE METAL PROSPECT,UNCLASSIFIED,THE LIMESTONE QUARRY IS STILL ACTIVE.,91.13082258,1.301868894,
Muekera,-12.75,28.5833,Copperbelt Province,Luanshya,Copperbelt Province > Luanshya,Southeastern Copperbelt,Luanshya,"40 KM SE of Mufulira and 24 KM nn of Ndola, near the Zaire border",Copper,,,Active,"7.1 MILLION TONNES AT AN AVERAGE GRADE OF 1.53X COPPER IN 3 ZONES. THE LOWER OREGODY CONTAINS AN ESTIMATED 4.6 MILLION TONNES @ 1.76X COPPER; OR A THINNER, HIGHER GRADE SECTION CONTAINING 2.6 MILLION TONNES @ 2.37X. THE LOWER GRADE ""FRINGE"" CONTAINS 1.7 MILLION TONNES @ 1.5X; AND THE HANGING WALL MINERALIZATION COMPRISES 800,000 TONNES @ 1.3X COPPER. (FREEMAN, 1988).",STRATIFORM COPPER IN LOWER ROAN,"Rock types: QUARTZITE, CONGLOMERATE; Mineralization: COPPER, MALACHITE, CHALCOPYRITE.",83.13481505,1.187640215,
Ndola East,-12.8667,28.7167,Copperbelt Province,Luanshya,Copperbelt Province > Luanshya,Southeastern Copperbelt,Luanshya,"8 KM north of Ndola, 33 KM NE of Luanshya, and 55 KM SE of Mufulira",Copper,,,Active,"IT HAS BEEN ROUGHLY ESTIMATED THAT AN AREA MEASURING 3,500 M BY 1,500 M WITH A MINERALIZED ZONE AVERAGING 5 M IN THICKNESS COULD CONTAIN ABOUT 40 MILLION TONNES AVERAGING 0.76X COPPER.",STRATIFORM COPPER IN LOWER ROAN,"Rock: Quartzite, Dolomite; Minerals: Copper; Formation: Roam Formation",101.0553859,1.44364837,
Ndola West,-12.9333,28.6667,Copperbelt Province,Luanshya,Copperbelt Province > Luanshya,Southeastern Copperbelt,Luanshya,"5 KM west of Ndola town, 25 KM NNE of luansnya, 60 KM SE of Mufulira",Copper,,,Active,POSSIBLY 3 MILLION TONNES AT AN AVERAGE GRADE OF 1.56X COPPER.,STRATIFORN COPPER IN LOWER ROAN,"Rock types: QUARTZITE, DOLOMITE; Mineralization: COPPER.",99.11755811,1.415965116,
Ngala,-12.5833,28.5167,Copperbelt Province,Kitwe,Copperbelt Province > Kitwe,Eastern Copperbelt,Kitwe,25 KM SE of Mufulira,Copper,,,Active,"ABOUT 200,000 TONNES AT AN AVERAGE GRADE OF 2.41% IN A SMALL, STEEPLY DIPPING BODY (FREEMAN, 1988).",STRATIFORM COPPER OXIDES AND SULPHIDES IN LOWER ROAN,"Rock types: QUARTZITE, SCHIST, DOLOMITE; Mineralization: COPPER, MALACHITE, DIAMOND; Formation: MUASHIA AND KUNDELUNGUI FORMATION.",72.57005843,1.03671512,
Area K,-12.8333,28.25,Copperbelt Province,Kitwe,Copperbelt Province > Kitwe,"Hkana Division, Central Copperbelt",Kitwe,6 KM south of kitne,Copper,Cobalt,,Active,"2.6 MILLION TONNES AT AN AVERAGE GRADE OF 2.06X TOTAL COPPER, 1.37X ACID SOLUBLE COPPER (HKANA DIVISION,1990); AND 0.05X COBALT IN AREAS NOT UNDERMINED BY STOPING (FREEMAN, 1988).",STRATIFROM COPPER SULPHIDES AND OXIDES IN LOWER ROAN,"Rock types: SANDSTONE, SCHIST, SHALE; Mineralization: COPPER, MALACHITE, CHALCOPYRITE; Formation: BEARING FORMATION.",54.73536236,0.781933748,
Chambishi Mine,-12.5833,28.0333,Copperbelt Province,Chambishi,Copperbelt Province > Chambishi,"Northern Copperbelt, In Chambishi Ml19",Chambishi,Midway between kitne and Chingola,Copper,,,Unknown,ON CARE-AND-MAINTENANCE.,"ALL MINERALIZED MATERIAL AT CHAMBISHI IS CURRENTLY CLASSIFIED AS RESOURCESTOTAL RESOURCES IN THE CHAMBISHI MAIN AND WEST DEPOSITS AS AT THE END OF MARCH 1990 , AS ESTIMATED BY NKAMA DIVISION , WERE 10224 MILLION TONKES AT A GRADE OF 236% TOIL ONE RESERVES IN 1988 WERE: FULLY DEVELOPED - 542,000 T @ 302% TOTAL COPPER; PARTLY DEVELOPED - 506,000 T GRADING 320% TOTAL CU; UNDEVELOPED - 28 MILLION T @ 268% TOTAL CU",STRATIFORM COPPER MINERALIZATION IN LOWER ROAM OF KATANGA SYSTEM.,20.66117252,0.295159607,
Chambishi Southeast,-12.4533,28.1078,Luapula Province,Mansa,Luapula Province > Mansa,"Central Copperbelt, In Chambishi Ml 19",Mansa,"18 KM nu of Kitwe, and 8 KM SE of the Chambishi main oreboy",Copper,Cobalt,,Active,"NKAMA DIVISION PROVIDED AN ESTIMATE OF RESERVES AT CHAMBISHI SE IN THEIR BIENNIAL REPORT FOR THE PERIOD ENDING 31 MARCH 1990 AS FOLLOWS: CHAMBISHI SE (NORTH): 38.3 MILLION TONNES @ 2.42X TCU. CHAMBISHI SE (SOUTH): 6.3 MILLION TONNES @ 2.23X TCU. FREEMAN (1988) ESTIMATED THAT IN A MU-TRENDING AREA SOME 8,000 M LONG BY 1,000-2,000 M WIDE THERE MAY BE 55.4 MILLION TONNES AVERAGING 2.42X CU IN A ""MIGH GRADE"" SECTOR, AND A FURTHER 50.4 MILLION TONNES @ 1.63X CU IN A ""LOV GRADE"" ZONE. WITHIN THOSE TWO DEPOSITS THERE MAY BE 16 MILLION TONNES @ 0.15X CO AND 26 MILLION TONNES @ 0.10X CO RESPECTIVELY.",STRATIFORM COPPER OCCURRING AS DISSEMINATED COPPER & COBALT SULPHIDES,"Rock: Quartzite, Dolomite; Formation: Ore Formation",29.3635908,0.419479869,
Chibuluma South,-12.8833,28.0833,Copperbelt Province,Kitwe,Copperbelt Province > Kitwe,"Central-West Copperbelt, In Chibuluma Ml 39.",Kitwe,10 KM south of kalalushi,Copper,,,Active,"DATA FROM DIAMOND DRILLING ENABLED A RESOURCE CALCULATION TO BE MADE IN 1977. VIZ: (i) SULPHIDES - 8.6 MILLION TONNES AT AN AVERAGE GRADE OF 4.46%; AND (ii) AN OXIDE CAPPING OF 2.5 MILLION TONNES GRADING 3.90% COPPER (FREEMAN, 1988). IN 1988, THE MINERALE SULPHIDE RESERVE WAS CALCULATED AT 6.024 MILLION TONNES AVERAGING 4.33% COPPER. METALLURGICAL TESTS WERE COMPLETED ON THE SULPHIDE MINERALIZATION, AND RECOVERIES AVERAGED 95%, WITH CONCENTRATE GRADES OF 45% OR BETTER.",STRATIFORM OXIDE AND SULPHIDE COPPER IN LOWER ROAN,"Rock types: QUARTZITE, GNEISS; Mineralization: COPPER, MALACHITE.",46.42747903,0.6632497,
Chifubu,-12.9167,28.0667,Copperbelt Province,Kitwe,Copperbelt Province > Kitwe,"Sm Edge Of Copperbelt, On South Line Of A Syncline Of Katawam Rocks",Kitwe,1500 m south of the CHIBULUMA south oreboxy,Copper,,,Active,"ACCORDING TO HANCOCK (1976) THE DEPOSIT CONTAINS 430,000 TONNES AT 3.73X TCU. HOWEVER, FREEMAN (1988) REPORTS THAT THE DEPOSIT CONSISTS OF TWO SUPERIMPOSED LENSES; AND THAT THE UPPER LENSE CONTAINS AN ESTIMATED 65,520 TONNES AVERAGING 2.55X COPPER, WHILE THE LOVER LENSE CONTAINS AN ESTIMATED 108,420 TONNES WITH AN AVERAGE GRADE OF 2.93X COPPER.",OXIDIZED AND SULFIDE STRATIFORM COPPER IN LOWER ROAN,"Rock types: QUARTZITE; Mineralization: CHALCOPYRITE, PYRITE.",48.67710397,0.6953872,
Nutundu North,-12.5,27.6167,Luapula Province,Mansa,Luapula Province > Mansa,Nufulira - Nl15,Mansa,10 KM SE of nufulira,Copper,,,Active,4.3 MILLION TONNES AT AN AVERAGE GRADE OF 1.44X COPPER.,STRATIFORM COPPER IN LOWER ROAN,"Rock types: GRANITE, SANDSTONE, QUARTZITE; Mineralization: COPPER, MALACHITE; Formation: AND THEN HIGHER KAYANGAN FORMATION.",25.59809572,0.365687082,
Nkana Deposits,-12.7367,28.1911,Copperbelt Province,Kitwe,Copperbelt Province > Kitwe,"Central Copperselt, Within The Kitwe City Limits",Kitwe,Near city of Kitwe,Copper,Cobalt,,Active,"ORE RESERVES AS AT 31 MARCH 1990 WERE 98.792 MILLION TONNES 2.33X COPPER AND 0.14X COBALT IN SITU. IN SITU RESOURCES TOTAL 437.0 MILLION TONNES AT A GRADE OF 2.23X, INCLUDING 14.0 MILLION TONNES AT 3.93X TCU AT CHIBULUMA AND CHIBULUMA SOUTH.",STRATFORM COPPER/COBALT IN LOWER ROAN GROUP,"Rock types: QUARTZITE, DOLOMITE, SHALE; Mineralization: CHALCOPYRITE, PYRITE; Formation: AN UNMINERALISED FACIES OF THE ONE FORMATION.",43.37283137,0.619611877,
Nkana Oxides,-12.8,28.2333,Copperbelt Province,Kitwe,Copperbelt Province > Kitwe,"Nkana Division, Adjacent To Present Kike Workings",Kitwe,2. 5 KM south of Kitwe,Copper,Cobalt,,Active,IN RESOURCES.,112 MILLION TONNES AT A GRADE OF 309% TCU AND 224% AS CU,STRATIFORM REFRACTORY OXIDE OR MIXED OXIDE/SULPFIDE COPPER MINERALIZATION.,51.07807507,0.729686787,
Nkana West Limb,-12.8033,28.2078,Copperbelt Province,Kitwe,Copperbelt Province > Kitwe,Nkama - Nl3,Kitwe,3 KM sm of kitne,Copper,,,Unknown,"1927: ""PITTING"" WAS CARRIED OUT ALONG THE ENTIRE WEST LIMB OF THE NKAMA SYNCLINE. 1928: A DRILLING PROGRAMME WAS COMPLETED, CONSISTING OF 10 SHALLOW HOLES SPACED 600 - 1,000 M APART. SIX OF THE HOLES INTERSECTED MINERALIZATION, RANGING FROM 1.5X COPPER OVER 2 N TO 6.3X COPPER OVER 3 N. 1940: 4 HOLES WERE DRILLED. 1952-55: 7 HOLES WERE DRILLED. 1965-70: A DETAILED PITTING PROGRAMME WAS CARRIED OUT. 1969-84: AN ADDITIONAL 43 DRILL HOLES WERE COMPLETED. NEAR THE CHIBULUMA BOUNDARY, CLOSELY SPACED DRILLING WAS UNDERTAKEN IN ORDER TO LOCATE ANY SMALL, RICH FOOTWALL-TYPE OREGODY THAT MIGHT BE PRESENT. ONE HOLE INTERSECTED 3.28X CU OVER A VIDTH OF 9 N AT A DEPTH OF 60 N. LESSER VALUES WERE ENCOUNTERED IN 3 OTHER HOLES AT DEPTHS OF ABOUT 300 N IN SHALE OR INTERMEDIATE FOOTWALL. ANOTHER HOLE DRILLED 2,100 N TO THE EAST CUT LOWER VALUES OF 2.36X CU OVER 5 N AT A DEPTH OF 150 N.","A MAJOR EXPLORATION DRILLING PROGRAM IS PLANNED BY NKAMA DIVISION """"TO PROVE (THE) VIABILITY AND ECONOMIC LIMITS"""" OF THE WEST LIMB",Reserves: 7 MILLION T.,49.07297524,0.701042503,
Pitanda,-12.5667,27.9833,Copperbelt Province,Chambishi,Copperbelt Province > Chambishi,Chambishi - Ml19,Chambishi,27 KM nm of kitne,Copper,,,Active,"ACCORDING TO FREEMAN (1988), IF CONTINUITY ALONG A 4 KM STRIKE LENGTH IS ASSUMED THERE COULD BE 15 MILLION TOWERS AT THE AVERAGE GRADE OF 1.70X IN A GENTLY DIPPING BOOT. HOWEVER, FREEMAN ALSO SUGGESTS THAT ""IT IS NOT LIKELY THAT THERE IS A SMALLER TOWNAGE IN A MORE IRREGULAR DISTRIBUTION"".",STRATIFORM COPPER IN LOWER ROAN,"Rock types: SHALE, CONGLOMERATE; Mineralization: COPPER.",14.93980542,0.213425792,
Timkers (Chintuani),-12.8667,28.2,Copperbelt Province,Kitwe,Copperbelt Province > Kitwe,"Central Copperbelt, Nkana Division",Kitwe,10 KM SSW of kitne,Copper,,,Active,"100,000 TONNES AVERAGING 3.0X TOTAL COPPER, 2.7X ACID SOLUBLE COPPER IN A SMALL POO SURROUNDING THE DRILL INTERSECTION.",COPPER OXIDES AND SULPHIDES IN ROCKS OF THE NAVA SYSTEM,"Rock types: GRANITE, QUARTZITE, SCHIST; Mineralization: COPPER, MALACHITE.",53.06140848,0.758020121,
Nchanga Mine,-12.42,27.7908,Luapula Province,Mansa,Luapula Province > Mansa,"Northwestern Copperbelt, In Nchanga Ml10",Mansa,48 KM NW of kitne,Copper,Cobalt,,Unknown,111.57 MILLION TONNES OF COPPER ORE AVERAGING 3.95% TOTAL COPPER AND 1.67% ACID SOLUBLE COPPER; AND 14.8 MILLION TONNES OF COBALT ORE AVERAGING 0.57% COBALT AND 0.06% ACID SOLUBLE COBALT; AS AT 1ST APRIL 1990.,STRATIFORM COPPER IN LOWER ROAN,"Rock: Granite, Sandstone; Minerals: Copper; Formation: Roam Group",14.14154562,0.20202208,
Lukulu River,-12.5667,30.8833,Muchinga Province,Isoka,Muchinga Province > Isoka,Serenje Group,Isoka,84 KM NE of Serenje,Manganese,,,Active,NONE,SUPERGENE VEIN TYPE,"Rock types: GRANITE, SCHIST.",329.2518651,4.703598072,
Kasanka,-12.6667,30.1667,Muchinga Province,Isoka,Muchinga Province > Isoka,On The North Floating Kasanka Tributary Of The Mulenbo River,Isoka,30 KM west of kafinda,Diamond,,,Active,NIL,BARREN KIMBERLITES,"Rock types: SANDSTONE, QUARTZITE, SHALE; Formation: SILTSTONES AND SANDSTONES OF THE RUNDELUNGU SERIES OF THE KATANGA SUPERGROUP.",251.8342078,3.597631539,
Mlenbo,-12.5,30.0833,Northern Province,Mporokoso,Northern Province > Mporokoso,"Located In The Nook On The Mlenbo River, 30 Km North Of Mamado Chipeum",Mporokoso,85 KM nhw of serenae,Iron,,,Active,15 MILLION T @ 44.2X FE TO 32.5 M DEPTH AS ESTIMATED BY CHARTERED EX.,REPLACEMENT-TYPE IRON FORMATION,Mineralization: IRON; Formation: BUT THOUGHT TO REPLACE SNALE OF THE KALOMGA FORMATION.,242.4610607,3.463729438,
Kapamba,-12.9203,31.3419,Muchinga Province,Isoka,Muchinga Province > Isoka,"West Of The Luangwa River, South Luangwa National Park",Isoka,135 KM west of Serenje,Diamond,,,Active,"P2 IS THE BEST OF THE PIPES WITH A LOW GRADE RESOURCE IN AN AREA 165,000 SO. M, APPROX. TOX DIAMOND|FEROUS KINGERLITE, GRADE 0.265 C/100 T.",DIAMOND|FEROUS LAMPROITES,Rock types: METASEDIMENT; Mineralization: DIAMOND.,381.1803424,5.445433462,
Kamanjeeva Group,-12.4167,32.6667,Muchinga Province,Isoka,Muchinga Province > Isoka,Rear Lundazi-Mbuzi Road,Isoka,Approximately 70 KM west of Lundazi,Aquamarine,,Quartz,Active,UNKNOWN,BERYL PERMATITÉS,Mineralization: MAGNETITE; Formation: THIS IS AN AREA OF NUMEROUS PERMATITES CALLED THE KAMANJEEVA GROUP.,523.098105,7.472830071,
Lundazi Area,-12.0036,32.2592,Muchinga Province,Isoka,Muchinga Province > Isoka,Very Large Area Around Lundazi,Isoka,"From Lundazi: NE 20 KM, west 60 KM, east to malaki and sm 120 KM",Aquamarine,Beryl,Mica,Active,"UNKNOWN, BUT UNDOUBTEDLY LARGE IN TERMS OF LOCAL MINING. WOMANS SEEN INDIVIDUAL STONES UP TO APPROX. 10 G IN WEIGHT, IN A TOTAL OF APPROX. 3 KG OF HIGH QUALITY PRODUCT OBTAINED FROM A NUMBER OF SOURCES BY ONE ILLEGAL BUYER. THE MINES DEPARTMENT (U: SMETA, PERSONAL COMMUNICATION) SUGGESTED THAT THE GROSS VALUE OF ROUGH AQUAMARINES COULD BE IN THE US$ 20 TO 40 MILLION RANGE PER ANNUAL APART FROM THE MAIDA PROBLEM OF UNRECORDED PRODUCTION IN ASSESSING RESERVES, THE DIFFICULTY OF MINING THE HARD ROCK IS A CRITICAL FACTOR TO BE WEIGHED AGAINST THE FREQUENCY OF GEN MATERIAL, AND MUCH OF THE CURRENT MINING IS QUESTIONABLY PROFITABLE.",PEGMATITE,Rock types: GNEISS; Formation: OFTEN OCCUR IN GROUP.,482.6807761,6.895439658,
Nushima (North Luangua),-12.2,32.0833,Muchinga Province,Isoka,Muchinga Province > Isoka,In South Part Of North Luangwa Game Reserve,Isoka,125 KM west of Lundazi,Diamond,,,Active,MIL,CLUSTER OF KIMBERLITES,Mineralization: DIAMOND; Formation: 1 GROUP.,461.2893268,6.589847526,
,-12.5833,32.75,Muchinga Province,Isoka,Muchinga Province > Isoka,Lundazi Area,Isoka,80 KM sm of Lundazi,Gold,Beryl,,Active,"APPROX. 1,270 CU M OF GOLD BEARING GRAVELS",PERMATITE AND QUARTZ VEIN AREA,Rock types: METASEDIMENT; Mineralization: GOLD; Formation: THE PROMINENT HILLS ARE UNDERLAIN BY THE MAFINGI GROUP.,531.8417573,7.597739391,
Machinje,-12.5833,32.6667,Muchinga Province,Isoka,Muchinga Province > Isoka,Luxusuzu Game Reserve,Isoka,72 KM SW of Lundazi,Iron,,,Active,NIL,MAGNETITE-NEWATITE DEPOSIT IN ONEISS,SMALL IRON DEPOSIT.,522.7980822,7.468544031,
Panela,-12.9167,32.1667,Muchinga Province,Isoka,Muchinga Province > Isoka,Area Surrounds The Former Line Works Near The Managazi River,Isoka,75 KM nm of Chipata 20 KM east of the Chipata-msefu road,Diamond,,,Active,MIL,KIMBERLITE CLUSTER,TWO DIAMONDIFEROUS PIPES.,470.1330656,6.716186652,
Langue Group,-12.8667,32.4833,Muchinga Province,Isoka,Muchinga Province > Isoka,Luxusuzi National Park No. 3,Isoka,100 KM SW of Lundazi,Gold,Copper,,Active,NONE,HYDROTHERMAL (?) VEINS,"Rock types: SCHIST; Mineralization: COPPER, GOLD; Formation: THERMAL EVENTS AND UPPER PROTEROZOIC DEFORMATION.",503.9569338,7.199384768,
Aries And Aries Ii,-12.2,33.1667,Eastern Province,Lundazi,Eastern Province > Lundazi,North Of Lundazi,Lundazi,8 KM north of Lundazi,Aquamarine,Beryl,Amethyst,Unknown,UNKNOWN,BERYL-MICA PEGNATITES,"Rock types: GNEISS; Mineralization: MAGNETITE, HEMATITE.",578.6475719,8.266393884,
Manda Hill Group,-11.5,33.1833,Eastern Province,Lundazi,Eastern Province > Lundazi,Manda Hill Area North Of Lundazi,Lundazi,80 KM north of Lundazi,Aquamarine,Beryl,Niobium,Unknown,UNKNOWN,MICA PEGMATITE,Formation: THE SOUTHERNMOST OF THE GROUP.,591.2978081,8.447111544,
Dongwe,-13.8372,23.7569,North-Western Province,Kabompo,North-Western Province > Kabompo,Follows The Dongue River For 150 Km,Kabompo,Extends from mushina in the east to watopa ferry in the west,Diamond,Copper,,Active,UNKNOWN,DIAMOND OCCURRENCE,KATANGA SYSTEM SEDIMENTARY,466.2311385,6.660444835,
Invati,-13.5333,24.8833,North-Western Province,Kasempa,North-Western Province > Kasempa,Kalengua Area,Kasempa,16 KM SW of kalengua,Copper,,,Active,MIL,INSIGNIFICANT COPPER OCCURRENCE,"Rock types: SANDSTONE, CONGLOMERATE; Mineralization: COPPER, CHALCOPYRITE, PYRITE.",340.0684558,4.858120797,
Kawara - Luamakanbie Group,-13.9333,24.8667,North-Western Province,Kasempa,North-Western Province > Kasempa,Kasempa Salient,Kasempa,113 KM sm of Kasempa (south of domone river),Copper,Gold,,Active,NONE,HYDROTHERMAL VEINS WITH ASSOCIATED SILICIFICATION AND SULPHIDE MINERALIZATION,ACID INTRUSIVES INTO KUNDELUNGU CLASTIC SEDIMENTS,358.4792389,5.121131984,
Karibarehbi,-13.9,25.0333,North-Western Province,Kasempa,North-Western Province > Kasempa,Kalengua Area,Kasempa,49 KM south of kalengua,Copper,Gold,,Active,NIL,EPIGENETIC SEDIMENT-HOSTED GOLD AND COPPER,Formation: THE PREDOMINANT LITHOLOGY IS A DARK GREY ARGILLITE WHICH IS PROBABLY PART OF THE KUNDELUNGU SERIES.,340.6685729,4.866693898,
D:\Rj1,-13.9167,24.8333,North-Western Province,Kasempa,North-Western Province > Kasempa,Kalengua Area,Kasempa,53 KM SW of kalengua,Copper,Gold,,Active,NIL,VEIN COPPER,SUPERGENE ENRICHED.,360.9491852,5.156416931,
Chihema,-13.9333,24.8833,North-Western Province,Kasempa,North-Western Province > Kasempa,Icalengua Area,Kasempa,52 KM SSW of kalengua,Copper,,,Active,NIL,STRATIFORM VEIN COPPER - SUPERGENE ENRICHED,"Rock types: SANDSTONE, QUARTZITE; Mineralization: MALACHITE.",356.8551265,5.097930379,
Musondueji,-13.2536,24.7569,North-Western Province,Kabompo,North-Western Province > Kabompo,Embraces The Musondueji River North Of The Dongue River,Kabompo,The kalengua mine road runs along the west side of the PL,Diamond,Copper,,Active,UNKNOWN,DIAMOND OCCURRENCE,Rock: Granite,344.6911818,4.92415974,
Alafuta And Dongue Beryl,-13.5039,23.5069,North-Western Province,Kabompo,North-Western Province > Kabompo,General Area Of The Dongue And Lalafuta Rivers,Kabompo,Central part of the area is 40 KM south of kabohpo,Beryl,,,Active,MIL,PEGMATITE,"SMALL CRYSTALS OF BERYL ARE REPORTED IN PEGMATITES AT SEVERAL LOCALITIES INCLUDING: DONGUE 2, ON THE...",482.7208594,6.896012276,
Kanneji,-13.8833,24.3667,North-Western Province,Kabompo,North-Western Province > Kabompo,35 Km Se Of Kabompo,Kabompo,82 KM sm of kalekuna,Copper,,,Active,NIL,STRATIFORM COPPER,"Rock types: QUARTZITE; Mineralization: COPPER, MALACHITE, DIAMOND.",405.8531639,5.797902341,
Kalengua,-13.65,24.7,North-Western Province,Kasempa,North-Western Province > Kasempa,Kalengua Area,Kasempa,0,Copper,Silver,,Active,"ESTIMATED BY FREEMAN (1988) AT 1.3 MILLION TONNES GRADING 2.5X COPPER. THE ORE IS CONTAINED IN TWO DEPOSITS: KALENGUA MAIN, 0.8 MILLION TONNES a 2.5X COPPER; KALENGUA SOUTH, 0.5 MILLION TONNES a 2.5X COPPER.",STRATIFORM COPPER - SUPERGENE ENRICHED,"Rock types: SHALE; Mineralization: MALACHITE, AZURITE; Formation: THE HOST ROCKS ARE KUNDELUNGU SERIES.",363.0474731,5.186392473,
Kasempa (Lubufu) Group,-13.0039,25.7572,North-Western Province,Kasempa,North-Western Province > Kasempa,MINE Deposits Are Within 3 Km Of The Kasempa-Munsua Road,Kasempa,Within 40 KM of Kasempa,Iron,,,Active,ESTIMATED OPEN PITTABLE TO 150 H AT A MASTERORE RATIO OF 4:1 BY ANGLO AMERICAN: 229 MILLION T B 66X FE IN 10 DEPOSITS SOUTHEAST OF KASEMPA AND IN EASY RANGE OF THE KASEMPA-MUNSUA ROAD. THE OTHER DEPOSITS IN THE AREA WOULD ADD CONSIDERABLE ADDITIONAL TOWNAGE.,REPLACEMENT-TYPE IRON FORMATION,"Rock types: GRANITE; Mineralization: COPPER, IRON, MAGNETITE; Formation: THE GROUP.",232.9048972,3.327212817,
Jikambo,-13.5,25.3167,North-Western Province,Kasempa,North-Western Province > Kasempa,Kalengua Area,Kasempa,15 KM ESE of kalengua,Copper,,,Active,MIL,INTRUSIVE-HOSTED EPIGENETIC COPPER - SUPERGENE ENRICHED,"Mineralization: COPPER, CHALCOPYRITE, PYRITE.",294.7507109,4.210724442,
M75/O,-13.3333,25.1,North-Western Province,Kasempa,North-Western Province > Kasempa,2 Km East Of The Kalengua Kalulushi Road,Kasempa,17 KM NE of kalengua,Copper,,,Active,MIL,SUPERGENE ENRICHED SEDIMENTARY COPPER DEPOSIT,"Mineralization: COPPER, DIAMOND.",311.0186954,4.44312422,
Minenba,-13.4333,25.0167,North-Western Province,Kasempa,North-Western Province > Kasempa,Kalengua Area,Kasempa,4 KM NE of kalengua,Copper,,,Active,"A RESOURCE OF 150,000 TONNES GRADING 1.4X COPPER ON THE MAIN OCCURRENCE (FREEMAN, 1988-2).",EPIGENETIC BRECCIA-MOSTED COPPER DEPOSIT IN AN ALTERED MAFIC BODY,"Mineralization: COPPER, CHALCOPYRITE, PYRITE.",322.8943688,4.612776697,
Upper Domgue,-13.0036,25.1736,North-Western Province,Kasempa,North-Western Province > Kasempa,"Headwaters Of The Domgue And Misondweji,Rivers West Of Kasempa",Kasempa,The kanana-Kabompo rd. Forms north edge of the PL and it adjoins the musondweji PL to the west,Diamond,Copper,,Active,NIL,RARE OCCURRENCE OF KIMBERLITE INDICATOR MINERALS,THE AREA IS UNDERLAIN BY MAINLY UPPER KATANGA ROCKS. THERE DO NOT APPEAR TO BE KIMBERLITES IN THE AREA.,294.9135489,4.213050698,
Kangora-1 And Western Queen,-13.8167,25.1833,North-Western Province,Kasempa,North-Western Province > Kasempa,Kasempa Salient,Kasempa,74 KM SW of Kasempa,Copper,Gold,,Active,NONE,HYDROTHERMAL VEINS WITH ASSOCIATED SILICIFICATION AND SULPHIDE MINERALIZATION,ACID INTRUSIVES INTO KUNDELUNGU CLASTIC SEDIMENTS,322.0499569,4.60071367,
North Lunga Basin (Nm Corner),-13.0667,26.1167,North-Western Province,Kasempa,North-Western Province > Kasempa,Lunga Basin,Kasempa,75 KM SE of Kasempa,Unknown,Gold,Silver,Active,INACTIVE,NONE,HYDROTHERMAL VEIN-STOCKWORKS ASSOCIATED WITH ACID INTRUSIVES,197.082768,2.815468115,
Buffalo And Buffalo East,-13.7833,26.5,North-Western Province,Kasempa,North-Western Province > Kasempa,27 Km Ne Of The Kasempa Munima Road,Kasempa,90 KM ESE of Kasempa,Copper,,,Active,NIL,SUPERGENE ENRICHED,SEDIMENT-HOSTED COPPER,201.7066381,2.881523402,
Chunga,-13.7,26.7,North-Western Province,Kasempa,North-Western Province > Kasempa,Lunga Basin Area,Kasempa,95 KM east of Kasempa,Copper,,,Active,NONE,FAULT-CONTROLLED COPPER MINERALIZATION,Rock types: SANDSTONE; Mineralization: MALACHITE.,179.8313174,2.56901882,
Kaungashi And Uambo,-13.5039,26.2575,North-Western Province,Kasempa,North-Western Province > Kasempa,"Bordered On The West By The Lunga River And On The East By The Lushishi River, Lunga Basin",Kasempa,About 100 KM SE of Kasempa (400 road KM mu of Lusaka),Copper,Zinc,Gold,Active,NIL,SEDIMENT-HOSTED SULPHIDE DEPOSIT WITH SURFACE ENRICHMENT,"Rock types: SANDSTONE, QUARTZITE, LIMESTONE; Mineralization: MALACHITE, DIAMOND, IRON.",203.5001075,2.907144392,
Eureka/Mil Desperandum,-13.9667,27.85,Central Province,Kabwe,Central Province > Kabwe,East Side Of Luxanga River,Kabwe,50 KM vest of Kapiri Mposhi,Copper,,,Active,"FREEMAN (1988-2) ESTIMATED A POSSIBLE RESOURCE OF 250,000 TONNES @ 2.55X CL, LARGELY OXIDE.",SUPERGENE ENRICHED COPPER,Minerals: Copper,159.3833265,2.276904664,
Lumpuna (Nhelushi,-13.0869,27.9744,Copperbelt Province,Luanshya,Copperbelt Province > Luanshya,South And SW Of Lumnshya Near The Kafusu Enerald Area,Luanshya,Nhelushi - 48 KM west; mitondo - 35 KM west; and lumpuna east - 25 KM SW of lumnshya,Copper,,,Active,"LUMPUNA EAST HAS A FLAT-LYING ZONE SOME 500 M LONG, 150 M WIDE AND 4 M THICK AT DEPTHS OF 30 - 50 M BELOW SURFACE. TONNAGE IS ESTIMATED AT 800,000 TONNES WITH AN AVERAGE GRADE OF 0.95X COPPER. THE MITONDO DEPOSITS CONTAINS AN ESTIMATED 200,000 TONNES @ 0.70X COPPER. THE NHELUSHI DEPOSIT CONTAINS AN ESTIMATED 300,000 TONNES @ 1.24X COPPER. (ALL TONNAGE ESTIMATES BY FREEMAN, 1988).",STRATIFORM COPPER IN ROCKS OF PRESUMED KATANGA AREA,"Rock types: QUARTZITE, SCHIST; Mineralization: COPPER, CHALCOPYRITE, PYRITE.",63.02389267,0.900341324,
Kadola Area,-13.5039,27.5078,Central Province,Kabwe,Central Province > Kabwe,South And SW Of Luanshya,Kabwe,South and SW of Luanshya,Unknown,Pyrite,Uranium,Active,"NO ESTIMATE OF RESERVES OR RESOURCES WAS BEEN COMPLETED OTHER THAN AT MILLBERG (SEE); THE KADOLA COPPER PROSPECT, WHERE FREEMAN (1988-2) ESTIMATED A POSSIBLE 310,000 T @ 2.73% CU IN A STEEPLY DIPPING BOOT ABOUT 2.5 N THICK; AND THE EUREKA COPPER PROSPECT (SEE).",SILICIFIED,CARBONATE-HOSTED LEAD AND ZINC SULPHIDES,114.1152323,1.630217604,
Kabanga,-13.25,27.25,Copperbelt Province,Chambishi,Copperbelt Province > Chambishi,West Of Lushnishi River,Chambishi,1125 KM SW of kitne,Iron,,,Active,MIL,IRON OCCURRENCE,A MAGNETITE BOOY 100 X 40 M.,102.8619905,1.469457007,
Kafubu Area,-13.0869,28.0911,Copperbelt Province,Luanshya,Copperbelt Province > Luanshya,Area West Of Kafue River (20 Km E-M By About 20 Km N-S),Luanshya,20-40 KM west of luanswia or south of Kalulushi,Emerald,Beryl,Copper,Active,CONTROLLED BY ZCCM MINE POLICE AS A SERVICE. THIS WAS ALL BUT ELIMINATED ILLEGAL MINING. ILLEGAL SELLING TO BUYERS WHO PATROL OUTSIDE THE RESTRICTED AREA IS RIFF. MOST MINING IS OPEN PIT,SOME USING EQUIPMENT RENTED FROM ZCCM ONE OPERATOR INFORMED MGM THAT HE IS MINING UNDERGROUND ON A STEEPLY DIPPING,WATER PRODUCING LEAD TO A DEPTH OF APPROX. 50 M.,66.88348115,0.955478302,
Kagen,-13.1167,28.1333,Copperbelt Province,Luanshya,Copperbelt Province > Luanshya,Between Kafue And Kafubu Rivers,Luanshya,20 to 30 KM west of liamsnya and south of Kalulushi,Emerald,Beryl,,Unknown,"THE KAGEN STAFF HAVE ISSUED NO STATEMENT OF RESERVES, BUT THEY ARE OBVIOUSLY SUBSTANTIAL. IN ADDITION TO THE MINES, THERE ARE SEVERAL OTHER MINING OPPORTUNITIES WITHIN THEIR LIMITS THAT ARE KEEP HIDDEN FOR SECURITY REASONS. IN NOW'S OPINION A LIFE EXPECTANCY OF AT LEAST 25 YEARS CAN BE EXPECTED AT THE CURRENT MINING RATE OF OPEN PIT RESERVES. SIMPLE UNDERGROUND-MINING BY DECLINE IS LIKELY TO EXTEND THE LIFE OF THE MINES FOR AT LEAST A FURTHER 25 YEARS.",EMERALD-BEARING SCHISTS/PEGMATITE OF THE MUYA SYSTEM,Rock types: SCHIST; Mineralization: MAGNETITE; Formation: THREE STAGES OF PEGMATITE FORMATION.,71.77366634,1.025338091,
Luanshya Division (Luanshya,-13.0536,28.3578,Copperbelt Province,Luanshya,Copperbelt Province > Luanshya,Luanshya And Baluba,Luanshya,35 KM SE of kijue,Copper,,,Unknown,GROSS ORE RESERVES IN THE LUANSHYA AND BALUBA MINES AS AT 31 MARCH 1990 WERE 75.68 MILLION TONNES @ 2.46% TOTAL COPPER.,STRATIFORM COPPER IN LOWER-ROAN,"Rock: Granite, Schist; Minerals: Copper; Formation: Overlying Formation",79.86849243,1.140978463,
Luanshya Oxides,-13.0703,28.4078,Copperbelt Province,Luanshya,Copperbelt Province > Luanshya,Adjacent To The Present Mine Workings At Luanshya Division,Luanshya,All within 10 KM of the town of Luanshya,Copper,,,Active,31.2 MILLION TONNES AT 2.38% TCU AND 1.81% AS CU.,OXIDIZED STRATIFORM COPPER IN THE LOWER ROAN,"Mineralization: COPPER, MALACHITE.",84.98852234,1.214121748,
Lufubu North And South,-13.0369,28.2911,Copperbelt Province,Luanshya,Copperbelt Province > Luanshya,In The Roam - Muliashi Basin,Luanshya,To the west of the Luanshya and Baluba mines,Unknown,Copper,Molybdenum,Active,INACTIVE.,"ESTIMATED AT: (1) 800,000 TONNES AT AN AVERAGE GRADE OF 10X COPPER AT LUFUBU NORTH; AND (2) 500,000 TONNES AT AN AVERAGE GRADE OF 15X COPPER AT LUFUBU SOUTH",STRATIFORM COPPER IN LOWER ROAM.,73.6499756,1.052142509,
Muliashi North,-13.1,28.35,Copperbelt Province,Luanshya,Copperbelt Province > Luanshya,Luanshya - Nl 16,Luanshya,10 KM hw of Luanshya,Unknown,Copper,,Unknown,INACTIVE.,961 MILLION TONNES AT AN AVERAGE GRADE OF 215% TOTAL COPPER AND 172% ACID SOLUBLE COPPER THESE RESERVES ARE OPEN PITTABLE WITH A LOW W/O RATIO,STRATFORM OXIDE AND SULPHIDE COPPER IN LOWER ROAM.,83.12486883,1.187498126,
Niku (Kafubu),-13.0667,28.05,Copperbelt Province,Luanshya,Copperbelt Province > Luanshya,Near Niku River (Tributary Of Kafubu) - Mu Part Of Kafubu Enerald District,Luanshya,40 KM west of luanswia,Unknown,Emerald,Beryl,Active,EMERALD MINE,UNKNOWN CONSIDERING THE LONG HISTORY AND LOCAL COMMENTS THAT CURRENT PRODUCTION IS INTERNITTENT,RESERVES ARE PRESUMABLY SMALL TO THE LIMITS OF SAFE AND ECONOMIC OPEN PIT MINING.,63.14826835,0.902118119,
Mkushi Copper - Hunda Section,-13.9667,29.1333,Central Province,Mkushi,Central Province > Mkushi,Mukushi District,Mkushi,80 KM NE of karne,Copper,Gold,Emerald,Active,FREEMAN (1989) ESTIMATED A PROBABLE 4 MILLION T AT 1.2 X CU AND A POSSIBLE 4 MILLION T 1.2 X CU.,DISSEMINATED SULPHIDES,INTROTHERMAL (?) PORPHYRY COPPER (?),211.4130483,3.020186405,
Mkushi Copper - Coloquo Bottia Section,-13.9167,29.2,Central Province,Mkushi,Central Province > Mkushi,Mukushi District,Mkushi,80 KM NE of kabne,Copper,Gold,Emerald,Active,"ONLY THE MINERALIZED APLITE WAS SUFFICIENTLY SAMPLED AND EXPOSED TO ALLOW A RESERVE ESTIMATE FOR THE SHAFT 1 AND SHAFT 1A WORKINGS OF 45,000 TONNES 8 2.88X CU (TO DEPTH OF 46 M).",DISSEMINATED SULPHIDES,HYDROTHERMAL (7) POMPHYRY COPPER (7),212.1675345,3.030964779,
Mkushi Copper - Ntuga Section,-13.9667,29.1167,Central Province,Mkushi,Central Province > Mkushi,Nxushi Copper District,Mkushi,80 KM NE of kabne,Copper,Gold,Emerald,Active,"230,000 T AT 1.84% CU",DISSEMINATED SULPHIDES,NYDROTHERMAL (?) PORPWRY COPPER (?),210.2323235,3.003318907,
Nunshinenga Beryl,-13.9167,29.1667,Central Province,Mkushi,Central Province > Mkushi,Nxushi Area,Mkushi,Near nunshinenga-lunsehena confluence,Unknown,Emerald,Gold,Active,DORMANT,MIL,PEGWAITITE,209.6988221,2.995697459,
N'Sonani,-13.1667,30.6667,Eastern Province,Petauke,Eastern Province > Petauke,Serenae Area,Petauke,19 KM SE of kanona,Iron,Manganese,,Active,MIL,FORMER IRON WORKING,"Rock types: GRANITE, QUARTZITE, SCHIST.",313.368842,4.476697742,
Serenje,-13.25,30.25,Central Province,Serenje,Central Province > Serenje,Serenje Area,Serenje,Near Serenje village and up to 50 KM to the south,Mica,Beryl,Tourmaline,Active,NIL,PEGMATITE,"THE AREA HAS PRODUED MICA, TOURNALINE AND MINOR AMOUNTS OF BERYL. NO GEM RECORDED.",272.0718927,3.886741325,
Velocity Mine,-13.8167,30.0667,Central Province,Serenje,Central Province > Serenje,Bulungu Hills,Serenje,180 KM NE of Kabwe,Gold,,,Active,UNKNOWN,ALTHOUGH MINERALIZATION FAIRLY CONTINUOUS AT 31 G AU/T,HYDROTHERMAL VEIN AND SILICI FI CATION,279.2108615,3.988726594,
Kamboka,-13.8333,31.6167,Eastern Province,Petauke,Eastern Province > Petauke,Petauke Area,Petauke,47 KM north of Petauke,Gold,,,Active,UNKNOWN,HYDROTHERMAL VEIN,Rock types: GNEISS; Mineralization: PYRITE; Formation: UNDERLAIN BY LUSANDNA AND CHINDENI GROUP.,432.6470094,6.180671563,
Sasare,-13.9,31.3833,Eastern Province,Petauke,Eastern Province > Petauke,Petauke District,Petauke,38 KM north of Petauke,Gold,,,Unknown,"UNKNOWN IN SITU RESERVES. VASTE DUMP MATERIAL, ACCORDING TO MINEX, CONTAINS 13,900 T @ 1.04 - 1.07 G/T. SOME PRODUCTION OF SILVER HAS BEEN RECORDED - APPROXIMATELY 20 PARTS AG TO 100 PARTS OF AU. GOLD FINENESS IS NEVERTHELESS REPORTED AT 978.",HYDROTHERMAL VEIN SYSTEM,"Rock types: GRANITE, SANDSTONE, QUARTZITE; Mineralization: GOLD, IRON.",411.5549057,5.879355796,
Lutenbue Reef,-15.6542,32.6589,Eastern Province,Chipata,Eastern Province > Chipata,Chipata Area,Chipata,10 KM SE from Chipata,Gold,,,Active,UNKNOWN,HYDROTHERMAL VEIN ACCOMPANIED BY SILICIFICATION,"Rock: Quartzite, Schist",623.9501646,8.913573781,
Madzimoto Group,-13.7,32.5167,Eastern Province,Chipata,Eastern Province > Chipata,Chipata Area,Chipata,148 KM NE of petauxe,Gold,,,Active,UNKNOWN,HYDROTHERMAL QUARTZ VEIN,"Rock types: GRANITE, QUARTZITE, GNEISS; Mineralization: COPPER, MALACHITE, CHALCOPYRITE; Formation: A SERIES.",521.7409139,7.453441627,
Kilalahirombue - Kakarobert - Yanyauki,-14.0833,24.8167,Northern Province,Kasehpa Salient,Northern Province > Kasehpa Salient,Kasehpa Salient,Kasehpa Salient,124 kh SW of kasehpa,Copper,Gold,,Active,MAY BE PART OF A WALL ROCK OF A MINERALIZED SHEAR; KILALAMIROH6WE-3: A FEW BOULDERS OF SILICIFIED LIMONITE,BOTH AS MASSIVE AND AS BOXWORKS SIMILAR TO SHINGANDA TYPE (SEE KARARI-KATOKA GROUP) SHALL STRINGERS OF VEIN QUARTZ AND SOME SHALE FLOAT; KILALAMIROHBWE-1: A 46 CM WIDE QUARTZ VEIN IN BIOTITE SCHIST WITH SOME PATCHES OF SILICEOUS LIMONITE AND SPARSE MALACHITE; KILALAHIROM8WE-4: A NORTHEASTERLY TRENDING,1.5 M -1.8 M WIDE,370.7224478,5.296034968,
Luena,-14.0039,24.0069,Northern Province,Beiner In The Dongue And Luena Rivers West Of Kagma,Northern Province > Beiner In The Dongue And Luena Rivers West Of Kagma,Beiner In The Dongue And Luena Rivers West Of Kagma,Beiner In The Dongue And Luena Rivers West Of Kagma,The east boundary is 30 KM mu of kagma,Diamond,,,Active,MIL,DIAMOND OCCURRENCE,"Rock types: GRANITE, METASEDIMENT; Mineralization: DIAMOND; Formation: KATANGA SUPERGROUP.",446.8954304,6.384220435,
Kajesu 1 To 3 Group,-14.2667,25.1167,Northern Province,Kasempa,Northern Province > Kasempa,Kasempa Salient,Kasempa,114 KM SW of Kasempa,Copper,Gold,,Active,NONE,HYDROTHERMAL VEIN WITH ASSOCIATED SILICIFICATION AND SULPHIDES,SUPERGENE ENRICHED,352.92341,5.041763,
Kalomo,-14.0039,25.0069,Northern Province,Se,Northern Province > Se,Se,Se,The area is 40 KM SE of kalomo,Diamond,,,Active,MIL,DIAMOND OCCURRENCE,"Rock types: GRANITE, METASEDIMENT; Mineralization: DIAMOND; Formation: KATANGA SUPERGROUP.",348.4370491,4.97767213,
Kamachopolo-1 And Chamborne-1 Group,-14.1833,25.1167,Northern Province,Kasehpa Salient,Northern Province > Kasehpa Salient,Kasehpa Salient,Kasehpa Salient,108 KM SW of kasehpa,Gold,Copper,,Active,NONE,INTOROTHERMAL OCCURRENCES,WITH ASSOCIATED SELECTIFICATION AND SULPHIDES,347.9939545,4.971342208,
Karari - Katoka Group,-14.0333,25.2,Northern Province,Kasempa,Northern Province > Kasempa,Kasempa Salient,Kasempa,90 KM SW of Kasempa,Copper,Gold,Silver,Active,NONE,HYDROTHERMAL WITH ASSOCIATED SILICIFICATION AND SULPHIDES,"ACID INTRUSIVES INTO KINDELUNGU CLASTIC SEDIMENTS, MAINLY SILTSIGNES.",331.7521304,4.739316148,
Shinganda (Western Sun),-14.0667,25.1333,Northern Province,Kalengua Area,Northern Province > Kalengua Area,Kalengua Area,Kalengua Area,"70 KM SSE of kalengua, straddling the kaoma road",Copper,,,Active,MIL,SUPERGENE COPPER ACCUMULATION,Rock: Dolomite; Minerals: Copper,339.8342621,4.854775173,
Dongue Gold Group,-14.7833,25.0333,Northern Province,Dongue River (North Side),Northern Province > Dongue River (North Side),Dongue River (North Side),Dongue River (North Side),95 KM sm of Kasempa,Gold,Copper,,Active,NO RESERVES. GOLD VALUES RESTRICTED TO NEAR SURFACE ENRICHMENT OF APPROXIMATELY ONE METER DEPTH.,EPIGENETIC,FRACTURE INFILLINGS.,393.9615529,5.628022184,
Lalafuta,-14.5042,25.3403,Northern Province,North Of Numbia - Mancoya Road,Northern Province > North Of Numbia - Mancoya Road,North Of Numbia - Mancoya Road,North Of Numbia - Mancoya Road,Approximately 150 KM west of numbia,Diamond,,,Active,MIL,DIAMOND LOCALITY,Mineralization: DIAMOND.,348.7714153,4.98244879,
Kafue Salient,-14.25,26.7167,Northern Province,Lunga Basin East,Northern Province > Lunga Basin East,Lunga Basin East,Lunga Basin East,90 KM mu from munsua,Unknown,,,Active,NONE,MYDROTHERMAL MULTI-VEINED (?) OR SKARM (?),"Rock types: SHALE; Mineralization: COPPER, CHALCOPYRITE, PYRITE.",226.8623726,3.240891038,
Katanga Copper,-14.4667,26.8667,Northern Province,"70 Kn North Of Numbwa, South Lunga Basin","Northern Province > 70 Kn North Of Numbwa, South Lunga Basin","70 KM North Of Numbwa, South Lunga Basin","70 Kn North Of Numbwa, South Lunga Basin",About 265 road KM west of kabne,Copper,Zinc,Silver,Active,MIL,LIMESTONE-NOSTED COPPER-ZINC-SILVER GOSSAM WITH MALACHITE STAINING,"Rock types: LIMESTONE, METASEDIMENT; Mineralization: MALACHITE, IRON, HEMATITE; Formation: ARENACEOUS METASEDIMENTS OF THE RUNDELUNGU SERIES.",239.8324316,3.426177594,
Kaungashi And Mutapanda,-14.0039,26.5072,Northern Province,Kasempa,Northern Province > Kasempa,15 To 30 Km East Of The Mumbua-Kasempa Road,Kasempa,100 to 130 KM nm of Mumbwa,Iron,,,Active,MIL,IRON SKARM DEPOSITS,"Mineralization: IRON, MAGNETITE, HEMATITE.",218.7631411,3.12518773,
Lubungu - Kafuala Group,-14.3375,26.0072,Northern Province,Kahle River Vicinity,Northern Province > Kahle River Vicinity,Kahle River Vicinity,Kahle River Vicinity,100 KM mnm of wanbua,Iron,Gold,Copper,Active,"ACCORDING TO GEOLOGICAL SURVEY DATA CARDS: LUBUNGU - 175.2 MILLION T @ 56.6X FE, 0.57X P205.",VEINS AND STRUCTURALLY RELATED IRON DEPOSITS,"Rock types: GRANITE, SCHIST; Mineralization: COPPER, MALACHITE, PYRITE; Formation: IT IS AN IRON FORMATION.",282.7792733,4.039703904,
Bob Zinc,-14.5,26.8667,Northern Province,"60 Km North Of Manhma, South Lunga Basin","Northern Province > 60 Km North Of Manhma, South Lunga Basin","60 Km North Of Manhma, South Lunga Basin","60 Km North Of Manhma, South Lunga Basin",260 road KM west of kabne,Zinc,Silver,,Active,"A RESOURCE OF 276,000 T a 11.6% Zn AND 150 G/T Ag IS ESTIMATED (FREEMAN, 1989). WITHIN THE UPPER PART OF THE DEPOSIT, A HIGHER GRADE LENS EXISTS (110 M LONG, 5 M WIDE AND 16 M HIGH) WHICH CONTAINS 90,000 T GRADING 22.77% Zn AND 95 G/T Ag.",CARBONATE-HOSTED ZINC SILICATE/SILVER LENS MINERALIZATION,Rock types: METASEDIMENT; Formation: ARENACEOUS METASEDIMENTS OF THE KUNDELUNGU SERIES OF THE PRECAMBRIAN KATANGA SUPERGROUP.,243.1570766,3.473672523,
Kamitobo (Kamtobo),-14.7167,26.9167,Northern Province,Numbwa District,Northern Province > Numbwa District,Numbwa District,Numbwa District,25 KM NNW of Mumbwa,Copper,,,Active,"NO RESERVES OR RESOURCES. BRANDT(1955; IN FREEMAN, 1987-1988) STATED THAT ABOUT 30 T OF MALACHITE ASSAYING ABOUT 20% CU HAD BEEN QUARRIED FROM THE OUTCROP. HOWEVER, ONLY A FEW HUNDRED T OF MATERIAL AT THIS GRADE ARE LIKELY TO HAVE BEEN LEFT BEHIND.",STRATIFORM COPPER IN SEDINENTS OF UPPER KATANGA AGE,"Rock types: LIMESTONE, SHALE; Mineralization: COPPER, MALACHITE, IRON.",262.8945249,3.75563607,
Lulu,-14.6833,27.85,Lusaka Province,Kabwe,Lusaka Province > Kabwe,Nunbua District,Kabwe,About 50 KM NW of nunbua,Copper,Silver,,Active,NO RESERVES OR RESOURCES HAVE BEEN DELINEATED,GOSSAM,"Mineralization: COPPER, MALACHITE.",239.0731365,3.415330522,
Sable Antelope,-14.5833,26.9167,Northern Province,Numbia District,Northern Province > Numbia District,Numbia District,Numbia District,40 KM northmest of numbia,Copper,Silver,,Active,UUKNOAN,COPPER REPLACEMENT DEPOSITS,"Rock types: GRANITE, DOLOMITE, LIMESTONE; Mineralization: CHALCOPYRITE, PYRITE.",249.2796273,3.561137533,
Silver King,-14.5833,26.8333,Northern Province,13 Km Mu Of The Sable Antelope Mine,Northern Province > 13 Km Mu Of The Sable Antelope Mine,13 Km Mu Of The Sable Antelope MINE,13 Km Mu Of The Sable Antelope Mine,53 KM nortnatest of nunbna,Copper,Silver,Barite,Active,UNKNOWN,COPPER SILVER SHEAR ZONE DEPOSIT,Rock types: GRANITE; Mineralization: MALACHITE.,253.0590257,3.615128939,
Karenda Group,-14.5872,26.8408,Northern Province,Surrounding Karenda Village,Northern Province > Surrounding Karenda Village,Surrounding Karenda Village,Surrounding Karenda Village,37 KM mnm of numbua,Iron,Copper,,Active,THE TWO LARGEST DEPOSITS ARE: KALLIASANTNE ESTIMATED BY ANGLO AMERICAN TO BE 10 MILLION T @ 40-50X FE; AND CHAMASOKA ESTIMATED BY BRANDT TO CONTAIN 5 MILLION T @ 50-60X FE.,IRON DEPOSITS,"Rock types: SCHIST; Mineralization: COPPER, IRON, MAGNETITE; Reserves: 10 MILLION T.",253.0977866,3.615682665,
Malusanga Group,-14.7542,26.5072,Northern Province,Near Malusanga Village,Northern Province > Near Malusanga Village,Near Malusanga Village,Near Malusanga Village,Centred 40 KM west of mungua,Iron,,,Active,"THE TWO LARGEST DEPOSITS IN THE GROUP HAVE RESERVES ESTIMATED BY ANGLO AMERICAN AS FOLLOWS: MATUMBUE: 26 MILLION T 8 48.8X FE, 26.1X SI02, MATUMBUE EXTENSION: 12 MILLION T 8 61.0X FE, 7.8X SI02, MURONDE: 5 MILLION T 8 44.5X FE, 30.9X SI02",IRON DEPOSITS,"Rock types: GRANITE, SCHIST, LIMESTONE; Mineralization: CHALCOPYRITE, PYRITE, IRON; Formation: SIMILAR TO KABENDA GROUP; Reserves: 4 MILLION T.",286.4157789,4.091653984,
Kaindu,-14.5833,26.8333,Northern Province,"Chief Kaindu Area, Nunsua District","Northern Province > Chief Kaindu Area, Nunsua District","Chief Kaindu Area, Nunsua District","Chief Kaindu Area, Nunsua District",60 KM north of nunsua,Amethyst,,,Active,UNKNOWN,ANETRYST VEIN,GOOD QUALITY SAMPLES BROUGHT IN TO ZCCH IN DECEMBER,253.0590257,3.615128939,
Nippo.,-14.6833,26.3667,Northern Province,Munsua Area,Northern Province > Munsua Area,Munsua Area,Munsua Area,80 KM hmw of munsua (95 KM by road),Copper,,,Active,"AS AT JANUARY 1968, RESERVES TOTALED 10,500 T AT 7.8X CU, BUT IT WAS SPECULATED THAT DEVELOPMENT ON THE 60 M LEVEL WOULD INCREASE THIS FIGURE. NO INFORMATION IS CURRENTLY AVAILABLE TO WGN ON SUBSEQUENT DEVELOPMENTS.","COPPER IN """"GUARTZOSE"""" VEIN-NATERIAL CUTTING DARK GREY BANDED ARGILLITES","Mineralization: COPPER, MALACHITE, AZURITE.",287.8390473,4.11198639,
Chipili,-14.8,26.2333,Northern Province,Kafue,Northern Province > Kafue,"In The Kafue National Park, East Of Kafnala",Kafue,"On east side of the Kafue river, approximately 75 KM west of hunbua",Diamond,,,Active,MIL,DIAMOND OCCURRENCE,"Rock types: GRANITE, SHALE, METASEDIMENT; Mineralization: DIAMOND.",306.6495056,4.380707224,
Kafmala,-14.75,26.15,Northern Province,Kafue,Northern Province > Kafue,"In The Kafue National Park, Near Kafmala Rest Camp",Kafue,Approximately 45 KM by road from the nanhua-kaoma road,Diamond,,,Active,MIL,SPARSELY DIAMONDIFEROUS KIMBERLITES,"Rock types: GRANITE, SHALE; Mineralization: DIAMOND; Formation: THE GROUP.",307.4014618,4.391449454,
Ma19/40,-14.85,27.1167,Central Province,Kabwe,Central Province > Kabwe,Nunbua Area,Kabwe,13 KM NE of nunbua,Copper,,,Active,"IF A STRIKE LENGTH OF 60 M IS ASSUMED FOR THE COPPER POD, IT COULD CONTAIN APPROXIMATELY 60,000 T OF MINERALIZED MATERIAL WITH AN AVERAGE GRADE OF ABOUT 2% CU.",STRATAGOUND COPPER IN THE KATANGA SUPERGROUP,"Rock types: SANDSTONE, DOLOMITE, SHALE; Mineralization: COPPER, MALACHITE, CHALCOPYRITE; Formation: PARALLEL TO THE BEDDING OF A SERIES.",269.5114146,3.850163066,
Myoba Group,-14.5872,27.0908,Central Province,Kabwe,Central Province > Kabwe,SW Of Luxanga Suamp,Kabwe,30 to 50 KM NE of nunbua,Iron,Gold,,Active,MIL,GOSSANS,"Rock types: SANDSTONE; Mineralization: GOLD, HEMATITE.",242.6799902,3.466857003,
Shinyoka Group,-14.9208,27.1742,Central Province,Kabwe,Central Province > Kabwe,"Nangoka Bridge Area, Lusaka-Huhbua Road",Kabwe,110 KM unu of Lusaka,Iron,Gold,,Active,"GEOLOGICAL SURVEY DATA CAROS GIVE THE FOLLOWING RESERVES; SHIHYOKA, CHINOA, MUELA, NAMBUTALI, PROBABLE OPEN PIT, 2 MILLION T 3 57% FE PROBABLE OPEN PIT 700,000 500,000 678,000 58% FE 56% FE 59% FE PROBABLE OPEN PIT PROBABLE OPEN PIT",IRON REPLACEMENT DEPOSITS,"Rock types: LIMESTONE; Mineralization: PYRITE, GOLD, IRON; Reserves: 5 MILLION T.",275.334671,3.933352443,
Millberg Beryl,-14.0,28.5,Central Province,Kapiri Mposhi,Central Province > Kapiri Mposhi,Worth Side Of A Tributary Of The Mulungushi River,Kapiri Mposhi,Approximately 11 KM sm of Kapiri Mposhi,Aquamarine,Emerald,Beryl,Unknown,UNKNOWN,PERMATITES,Formation: THE GROUP.,177.6142024,2.537345749,
Kapambalela - Nuchinda (Gold-Copper),-13.9872,28.6667,Central Province,Kapiri Mposhi,Central Province > Kapiri Mposhi,Madnboshi Group,Kapiri Mposhi,50 KM north of Lusaka,Copper,Gold,Silver,Active,MIL,NTOROTHERMAL VEINS AND STOCKLORKS,"Rock types: QUARTZITE, SCHIST; Mineralization: MALACHITE, GOLD, IRON; Formation: IRON FORMATION.",184.2521115,2.632173021,
Airfield Area,-14.4667,28.4333,Central Province,Kabwe,Central Province > Kabwe,South-Central Part Of Broken Hill Mining Licence Ml 1,Kabwe,"Immediately south of the mo. 2 oreboot, 1. 5 KM SE of the mine plant",Zinc,Lead,,Active,"PITTING IN 1958 OUTLINED A SILICATE ""BLANKET"" DEPOSIT THAT WAS THEN ESTIMATED TO CONTAIN 65,000 T GRADING 16X 2 AND 5X Pb. LE ROUX SUGGESTED THERE MAY BE ABOUT 40,000 T REMAINING. OVERBURDEN IS FROM 0.4 TO 3.0 N THICK AN AVERAGES 2.5 N, AND THE MINERALIZED THICKNESS AVERAGES 1.3 N. IN 1987, THE LOW GRADE DISSEMINATED DEPOSIT WAS ESTIMATED BY HALLDANE TO CONTAIN (DRILL INDICATED) 4.5 MILLION T a 3.6X TOTAL Zn-Pb, WITH 64X OF THE CONTAINED METAL AS Zn. DRILLING WAS RESTRICTED TO A SMALL AREA (450 N X 80 N X 50 N DEEP - MAX. 90 N DEPTH). A HIGHER GRADE SECTION OF 981,000 T a 4.6X TOTAL METAL OVERLIES THE Mo. 2 VINZE.",ZINC-LEAD SILICATE BLANKET AND DISSEMINATED,LOW GRADE & BLOBBY MINERALIZATION,224.0409724,3.20058532,
Foundry Area,-14.4667,28.45,Central Province,Kabwe,Central Province > Kabwe,Southeast Part Of Broken Hill Mining Licence Ml 1,Kabwe,3 KM SE of the mine plant area,Zinc,Lead,,Active,"6 SMALL DEPOSITS OF Zn SILICATE MINERALIZATION DOMI TO ABOUT 20 M, ESTIMATED TO CONTAIN A FEW THOUSAND TOWNES a 30-40X Zn. PD VALUES ARE FROM 0.5-2.0X.",CARBONATE-HOSTED POD & PIPE ZINC SILICATE MINERALIZATION,Rock types: DOLOMITE; Formation: A GROUP.,224.5548812,3.207926875,
Mine Club & Speak'S Area,-14.4667,28.4333,Central Province,Kabwe,Central Province > Kabwe,North-Central Part Of Broken Hill Mining Licence Ml 1,Kabwe,Deposits lie between great north road & mine plant area,Zinc,Lead,Copper,Active,"NEITHER DEPOSIT WAS SUFFICIENT DRILL DATA TO MAKE A RESERVE ESTIMATE, BUT MALDAME (1989) WAS SUGGESTED A RESOURCE (DRILL INDICATED AND INFERRED), OVER A STRIKE LENGTH OF 600 M AND TO A DEPTH OF 200 M: MINE CLUB - 666,000 T @ 11.7% Zn AND 1.7% Pb SPEAK'S - 1.94 MILLION T @ 12% Zn AND 2% Pb IT SHOULD BE NOTED THAT, ACCORDING TO BANDA, THE LOCATION IS VERY UNSUITED TO MINING (QUE TO SURFACE BUILDINGS AND UNSTABLE GROUND) AND THE EXTRACTABLE AMOUNT OF THE RESOURCE WILL BE MUCH LESS THAN THE ABOVE FIGURES.",IRONSTONE-HOSTED ZINC-LEAD SILICATE MINERALIZATION,"Rock types: SANDSTONE, DOLOMITE, SHALE; Mineralization: COPPER, IRON.",224.0409724,3.20058532,
Nufuxushi Copper (Zinc),-14.05,28.4833,Central Province,Kapiri Mposhi,Central Province > Kapiri Mposhi,Kapiri Mposhi Area,Kapiri Mposhi,Approximately 42 road on north of kabne,Copper,Zinc,Gold,Active,"IN SIX ZONES, IT WAS ESTIMATED (FREEMAN, 1989) THAT THERE IS A RESOURCE OF APPROX. 6 MILLION T GRADING 1.23% CLAND 1.4 MILLION T @ 0.70% Zn. THE DRILL HOLE SPACING IS NOT ADEQUATE ENOUGH TO MAKE AN ACCURATE ""RESERVE"" CALCULATION OF THE MINERALIZED ZONES.",VOLCANOGENIC (?) STRATIFORM DISSEMINATED SULPHIDE,"Rock types: QUARTZITE, DOLOMITE; Mineralization: MALACHITE, AZURITE, CHALCOPYRITE; Formation: DIAMOND DRILLING ADDED TO THE GEOLOGICAL INFORMATION.",182.0430987,2.600615696,
Kabwe Mine (Broken Hill),-14.4667,28.4333,Central Province,Kabwe,Central Province > Kabwe,Karne Division'S Broken Hill Mining Licence Area - Ml 1,Kabwe,In town of karne,Unknown,Zinc,Lead,Active,OPERATING MINE,"AS OF MARCH 31, 1990: 000'S T % ZN % PB FULLY DEVELOPED 338 193 67 PARTLY DEVELOPED 337 153 21 UNDEVELOPED 290 175 30 THE NO 2 OREBOXY, WHICH IS TABULAR, SILICATE-OXIDE ZN MINERALIZATION (WILLEMITE) WITH IRON OXIDES, MAKES UP THE MAJORITY OF THE RESERVES, AND IS ESTIMATED TO CONTAIN ABOUT +800,000 T A 14% ZN & +1% PB TAILINGS RESOURCES ARE: LEACH PLANT RESIDUES OF 3 MILLION T A 83% PB & 55% ZN, ISF SLAGS OF 1 MILLION T A 07% PB & 83% ZN AND OTHERS OF 1 MILLION T A 54% PB & 126% ZN (ZCCM, 1990)",CARBONATE-HOSTED,224.0409724,3.20058532,
Chimanda,-14.4167,28.3833,Central Province,Kabwe,Central Province > Kabwe,Kabwe Mining District,Kabwe,5 KM west of Kabwe,Zinc,Lead,Copper,Active,"ESTIMATED RESOURCE IF ALL SEPARATE POOS AND LENSES ADDED TOGETHER ARE: 87,000 T @ 1.87X 2n AND 47,000 T @ 2.74X PD TO DEPTHS OF 50-100 M BELOW SURFACE (FREEMAN, 1989). A SOIL AND LATERITE RESOURCE (CALLED 'PROBABLE ONE RESERVE' BY MINEX) OF J34,000 T @ 1.34X PD WAS CALCULATED IN 1985.",NYDROTHERNAL POD AND VEIN MINERALIZATION,"Rock types: QUARTZITE, SCHIST, DOLOMITE.",217.2161448,3.103087783,
Camarnor Zinc,-14.25,28.25,Central Province,Kabwe,Central Province > Kabwe,Kabwe Area,Kabwe,About 35 KM NW of Kabwe,Vanadium,Zinc,Lead,Active,"FREEMAN (1988) ESTIMATES RESOURCES, FOR A BODY 1-1.5 M THICK AND TO A DEPTH OF 30 M, OF 37,000 T AVERAGING 11.7% Zn AND 1.4% Pb.",SECONDARY ZINC-LEAD MINERALIZATION IN LATERITIC CLAYS AND DOLOMITE,"Rock types: DOLOMITE, SHALE; Mineralization: PYRITE, HEMATITE.",195.7306065,2.796151522,
Liketula Group,-14.0039,28.0078,Central Province,Kabwe,Central Province > Kabwe,Mufukushi River,Kabwe,35 to 43 KM NW of Kabwe,Iron,,,Unknown,SEDIMENTARY AND REPLACEMENT IRON FORMATIONS,"LIKETULA, 43 KM NW OF KABUE ACCORDING TO GUERNSEY, HEMATITE AND MAGNETITE REPLACEMENT BODIES IN QUARTZITE ARE EXPOSED BY TRENCHING IN AN AREA 200 X 60 M AT THAT TIME A PARTIAL ANALYSIS OF A COMPOSITE SAMPLE REPORTED 618% FE, 64% SIO2, AND 03% P2O5 AT THE SAME TIME 12 REPRESENTATIVE SAMPLES AVERAGED 596% FE AND 7% SILICA MNATISHI, 40 KM NW OF KABUE, SMALL SEDIMENTARY IRON DEPOSIT CONTAINING BANDED HEMATITE AND MAGNETITE",THESE ARE NOT SIGNIFICANT IRON RESOURCES AT THE PRESENT TIME BECAUSE THEY ARE DISTANT FROM RAIL ACCESS.,164.4113469,2.348733527,
Millberg,-14.0167,28.5833,Central Province,Kapiri Mposhi,Central Province > Kapiri Mposhi,Kapiri Mposhi Area,Kapiri Mposhi,45 KM north of Kabwe (10 KM off railway line),Zinc,Lead,Gold,Active,"ASSUMING THAT THE MINERALIZATION IS CONTINUOUS BETWEEN DRILL HOLES AND ALONG STRIKE (NOT CERTAIN FROM THE MINIMAL INFORMATION AVAILABLE TO DATE), A PRELIMINARY RESOURCE ESTIMATE, CALCULATED BY FREEMAN (1989) FOR THE FOUR LENSES, IS ABOUT 315,000 T @ 3.7% Zn AND 1.7% Pb.",CARBONATE-HOSTED VEIN AND LENS ZINC-LEAD MINERALIZATION,Rock types: DOLOMITE.,183.0422789,2.614889698,
Mantaya And Champande,-14.8333,28.6833,Lusaka Province,Mkushi,Lusaka Province > Mkushi,Maomboshi Group,Mkushi,75 KM NE of Lusaka,Gold,,,Unknown,HYDROTHERMAL QUARTZ VEIN,"MINERALIZATION AT MANTAYA OCCURS WITHIN THE MAOMBOSHI GNEISS FORMATION OF DOMINANTLY GRANITIC COMPOSITION, WITH SUBORDINATE AMPHIBOLITES, QUARTZITES AND SCHISTS OCCURRING WITHIN AN AMPHIBOLITE LENS OCCUPYING THE CORE OF A BROAD ANTICLINORIUM SOME 16 KM LONG BY 1-3 KM WIDE ON THE SOUTH SIDE OF THE MAOMBOSHI RIVER AMPHIBOLITE HOST ROCKS COMPRISE HORNBLENDE/BIOTITE QUARTZO-FELDSPATHIC GNEISSES WITH QUARTZITIC AND BIOTITE-MUSCOVITE GRANITIC GNEISS INTERBEDS THE PETROGRAPHY AND THE WELL DEVELOPED LAYERING ACCORDING TO STUDIES BY KRISHNAN ARE INDICATIVE OF A SEDIMENTARY ORIGIN, POSSIBLY TUFFACEOUS, BUT MORE LIKELY FELDSPATHIC AND CALCAREOUS SANDSTONES SULPHIDE MINERALIZATION IS PREDOMINANTLY PYRITE, WITH MINOR PYRRHOTITE AND RARE CHALCOPYRITE OR BORNITE AND COMMONLY LAYERED PARALLEL TO THE BEDDING AND MAKING UP 50% OF THE ROCK THE DISSEMINATED SULPHIDES ARE BELIEVED TO BE SYNGENETIC AND OCCUR WITHIN DISTINCT ZONES UP TO 238 M OF DRILLED INTERVAL (DRILL HOLE ANGLE 7) IN BOTH FELSIC AND MAFIC LITHOLOGIES THE FOLIATION OF THE ROCKS GENERALLY STRIKES NE AND DIPS 40° TO 60° S QUARTZ VEINS PRESENT IN THESE ROCKS NORMALLY HAVE FREE GOLD, IN THE FORM OF GRAINS, FILMS OR WIRES, OR ASSOCIATED WITH LIMONITE IN CAVITIES, OR EMBEDDED IN BISMUTHINITE GOLD IS ALSO CONCENTRATED WITHIN CHLORITIZED VEIN WALLROCK AND INTERNAL STREAKS THE VEINS ARE COMMONLY CONFORMABLE, OR NEAR CONFORMABLE, TO THE FOLIATION METAMORPHISM IS ALMANDINE-AMPHIBOLITE FACIES RETROGRADED TO GREENSCHIST FACIES","Mineralization: PYRITE, GOLD, IRON; Formation: HEMATITE IRON FORMATION.",271.1344186,3.873348837,
Maomboshi River,-14.7039,28.5247,Lusaka Province,Mkushi,Lusaka Province > Mkushi,Maomboshi Area,Mkushi,80 KM NE of Lusaka,Gold,,,Unknown,ALLUVIAL,"ALLUVIAL OCCURRENCES IRREGULARLY DISTRIBUTED OVER THE AREA, UNDERLAIN BY THE MAOMBOSHI GNEISS UNIT GENERALLY RELATED TO QUARTZ BOULDERS OR FLOAT THE MAOMBOSHI UNIT IS SEPARATED FROM THE MULUNGUSHI BELT TO THE W BY A MAJOR E-STRIKING FAULT STRUCTURE DARLING (NO 190), NO 81 AND NO 72 ARE THE THREE OTHER ALLUVIAL OCCURRENCES IN THE AREA","OF LIMITED EXTENT, BOTH VERTICALLY AND HORIZONTALLY, BELIEVED TO BE SURFACE ENRICHED. FREEMAN BELIEV...",252.1311747,3.601873924,
Iron Cap,-14.6833,28.9167,Central Province,Mkushi,Central Province > Mkushi,Mkushi Area,Mkushi,SE of Kabwe near the mulungushi dam,Gold,,,Unknown,IRON FORMATION OR HYDROTHERMAL QUARTZ VEIN (?),"DESCRIBED AS A QUARTZ REEF, OR QUARTZITE AND IRONSTONE, STRIKING E-W AND DIPPING 45° - 70° N AND TRACEABLE OVER 960 M ALONG STRIKE THE WIDTH VARIES FROM 4 M TO 6 M IN THE EAST TO 06 M TO 09 M IN THE WEST ASSAYS VARIED FROM TRACES TO 22 G AU/T CALCULATIONS OF THE AVERAGE GRADE FROM SURFACE SAMPLES GAVE 158 G AU/T IN THE EASTERN PART AND 11 G AU/T FOR THE WESTERN PART (SLIVA BELIEVES THE LATTER MAY BE OVERSTATED) UNDERGROUND WORKINGS GAVE 38 G AU/T",Minerals: Iron; Formation: Iron Formation,265.4114096,3.791591566,
Greenhills - Nyana Siding Area,-14.6333,28.3333,Lusaka Province,Kabwe,Lusaka Province > Kabwe,Surrounding Nyana Siding About 4 Km To The North And Around To The West About 5.5 Km,Kabwe,16 KM SW of Kabwe,Copper,,,Active,COPPER (BORNITE) IN AMYGDALOIDAL ANDESITE,"THE AREA IS OVERLAIN PREDOMINANTLY BY LOWER ROAN DOLOMITE, PHYLLITES, SCHISTS AND ANDESITIC FLOWS THE COPPER ANOMALIES OCCUR ALONG A 6 KM EAST-WEST-TRENDING DOLOMITIC BELT AND OVER 20 KM OF ANDESITIC VOLCANICS THAT MAY EXTEND SUBSTANTIALLY FURTHER TO THE EAST (PART OF A NE-TRENDING, 160 KM LONG BELT) THE MAIN COPPER MINERALIZATION OCCURS IN SHALLOW-DIPPING ZONES IN THE SCHISTOSE ANDESITE, WHICH STRIKES ENE AND DIPS AT ABOUT 60°NW TO THE EAST OF NYANA SIDING, THE AMYGDALES ARE CONCENTRATED IN 3 ROUGHLY PARALLEL BANDS AT DEPTHS OF 15-23 M, 39-52 M AND 55-67 M BELOW SURFACE (DIFFERENT FLOWS ?) THE NEAR-SURFACE MINERALIZATION CONSISTS PREDOMINANTLY OF BORNITE WITH SUBORDINATE CHALCOPYRITE, CHALCOCITE AND SOME PYRITE WITH POSSIBLE MAGNETITE IN AN AMYGDALOIDAL ANDESITE VEINS OF QUARTZ AND CALCITE WITH ASSOCIATED SULPHIDES ARE MOST COMMON IN THE AREAS OF LARGE AMYGDALES IN THE SILICIFIED DOLOMITE, THE MINERALIZATION IS THOUGHT TO BE MAINLY OXIDE AND DUE TO SUPERGENE ENRICHMENT OTHER OCCURRENCES IN THE GENERAL AREA ARE MUNSINSHI (WEAK CU-NI AT CONTACT BETWEEN BASEMENT AND THE KATANGA) AND CHISAMBA (WEAK DISSEMINATED CU)",THE RELATIVELY SHALLOW DIP OF THESE OCCURRENCES AND THE POSSIBILITY THAT THE MINERALIZATION COULD CO...,239.2849038,3.418355769,
Kamano,-14.8833,28.4833,Lusaka Province,Kabwe,Lusaka Province > Kabwe,Maomboshi Group,Kabwe,80 KM NE of Lusaka,Gold,Copper,,Unknown,HYDROTHERMAL QUARTZ VEIN,"A LONG QUARTZ VEIN CONTAINING IRON OXIDES AND COPPER MINERALS IS TRACEABLE OVER 1,900 M AT AN AVERAGE WIDTH OF 050 M SURFACE SAMPLES ASSAYED FROM TRACES TO 179 G AU/T, REPORTEDLY AVERAGING A QUESTIONABLE 19 G AU/T QUARTZ AND COPPER MINERALS ARE PRESENT ON THE DUMP","TOO LITTLE DATA TO FORM MUCH OF AN OPINION. HOWEVER, THE VEIN IS AURIFEROUS AND THE STRUCTURE SIGNIF...",270.118904,3.858841486,
Chisamba And Maomboshi (Iron),-14.95,28.1744,Central Province,Kabwe,Central Province > Kabwe,East Of Lusaka-Kabwe Road,Kabwe,48 KM north of Lusaka,Iron,Gold,,Active,SEDIMENTARY IRON FORMATION,"CHISAMBA, 48 KM N OF LUSAKA, SEDIMENTARY IRON FORMATION NEAR BASE OF THE KATANGA SYSTEM STRIKE E, DIP 45° S, 3 KM LONG, 15 M THICK CONSISTS OF MAGNETITE AND HEMATITE GRADING 50% TO 60% FE, PREVIOUSLY MINED AS MAOMBOSHI IRON MAOMBOSHI RIDGE, GUERNSEY MO 192, 17 KM E OF CHISAMBA, SIMILAR TO CHISAMBA, MINED IN 1952-55 WHEN 11,800 T WERE SHIPPED TO KABUE FOR METALLURGICAL PURPOSES AVERAGE GRADE WAS 589% FE AND 78% SIO2","Mineralization: GOLD, IRON.",271.0001433,3.871430618,
Kaputa,-14.8833,28.5,Lusaka Province,Kabwe,Lusaka Province > Kabwe,Maomboshi Group,Kabwe,50 KM NE of Lusaka,Gold,,,Unknown,ELUVIAL-ENRICHED GOLD FROM HYDROTHERMAL STOCKWORKS,"THE AREA IS FLAT AND UNDERLAIN BY WEATHERED BASEMENT ROCKS WHICH ARE COMPOSED MAINLY OF STRONGLY SHEARED LEUCOCRATIC-MUSCOVITE GNEISSES, QUARTZ-MUSCOVITE SCHISTS AND MASSIVE, RECRYSTALLIZED QUARTZITES OFTEN THIN LAYERS OF QUARTZITE ARE INTERCALATED IN THE SCHISTS AS ARE SMALL CONCORDANT PEGMATITE FOLIATION PLANES CONTAIN AS ACCESSORY MINERALS A SMALL AMOUNT OF MUSCOVITE AND RARE AMOUNTS OF HEMATITE WITHIN THE PROSPECT AREA, THE BEDROCK IS CAPPED BY A LOCALLY DEVELOPED, POORLY SORTED, SANDY TOP LAYER FOLLOWED BY AN ELUVIAL RUBBLE THE SAND LAYER, 0 TO 16 M THICK, IS COMPOSED OF COARSE TO MEDIUM, POORLY SORTED AND ROUNDED QUARTZ GRAINS BELIEVED AN ELUVIUM WASHED AND TRANSPORTED OVER SHORT DISTANCES THE RUBBLE IS COMPOSED OF ANGULAR QUARTZITE PEBBLES AND QUARTZ/QUARTZ-HEMATITE ROCK MIXED WITH SCHIST FRAGMENTS IN A TOTALLY WEATHERED MATRIX THE PEBBLES VARY IN SIZE WITH THE QUARTZ-HEMATITE PEBBLES BEING AURIFEROUS AND BELIEVED TO BE OF A VEIN ORIGIN THE SCHISTS ARE MAINLY QUARTZ AND MUSCOVITE WITH RARE AMOUNTS OF KYANITE AND FELDSPAR QUARTZ GRAINS OFTEN EXHIBIT A MOSAIC STRUCTURE INDICATIVE OF HEAVY STRESSES DURING TECTONIC EVENTS DISSEMINATED IRON OXIDES IN THE SCHISTS OFTEN PRODUCE A MARKED RED COLOUR QUARTZITES ARE OCCASIONALLY SHEARED OR EVEN MYLONITIZED EAST-WEST-STRIKING AND VERTICALLY DIPPING, TINY QUARTZ VEINS, 5 TO 40 CM THICK, OCCUR AS STOCKWORKS OVER 1 TO 2 M WIDTHS AND STRIKE LENGTHS OF 200-400 M THESE VEINLETS CUTTING THE NEAR FLAT-LYING HOST ROCKS ARE THOUGHT TO BE THE SOURCE OF THE GOLD-BEARING QUARTZ FRAGMENTS THE PROSPECT IS BELIEVED TO BE LOCATED ON THE MAOMBOSHI DISLOCATION ZONE FAINT TRACES OF DISPLACEMENT OF THE COUNTRY ROCKS ARE VISIBLE BUT OBSCURED BY THE STRONG WEATHERING THE AURIFEROUS ROCK IS STRONGLY OXIDIZED AND COMPOSED PREDOMINANTLY OF QUARTZ, LIMONITE AND HEMATITE, AND LOCALLY A CONSIDERABLE AMOUNT OF ANKERITE THE GOLD OCCURRING AS FREE GOLD IS VERY FINE GRAINED THE GRADES VARY FROM 004 G/T TO 52 G/T GOLD WITH ACCOMPANYING BISMUTH GRADES UP TO 10,000 PPM","Rock types: SCHIST; Mineralization: GOLD, IRON.",270.580466,3.865435228,
Liteta,-14.7667,28.05,Lusaka Province,Kabwe,Lusaka Province > Kabwe,Maomboshi Area,Kabwe,73 KM WNW of Lusaka,Gold,,,Unknown,HYDROTHERMAL QUARTZ VEIN,"A NORTHEAST-STRIKING, NARROW QUARTZ-IRON CARBONATE VEIN TRACEABLE OVER 120 M AND TO A DEPTH OF 25 M THE VEIN AVERAGES 012 M WIDTH AND CARRIES ERRATIC GOLD VALUES FROM MINOR AMOUNTS TO SEVERAL GRAMS PER TONNE OTHER NARROWER PARALLEL VEINS ARE PRESENT",Mineralization: GOLD.,249.2777871,3.561111245,
Katie,-13.8706,29.925,Central Province,Serenje,Central Province > Serenje,Petauke Mission,Serenje,40 KM SE of Petauke mission,Gold,,,Active,HYDROTHERMAL QUARTZ VEINS,"FIVE BLOCKS OF CLAIMS (KATIE EXTENSION) AND FOUR BLOCKS OF CLAIMS (PETAUKE) COMPRISE NO 62, LOCATED ON A RIDGE BETWEEN THE PETAUKE AND MSAKA STREAMS MINERALIZATION CONSISTS OF: A) THIN (A FEW CM WIDE) IRON STAINED GOLD BEARING QUARTZ LENSES THAT FOLLOW THE FOLIATION OF THE BEDROCK (SANDY MICACEOUS SCHISTS); B) A 12 M TO 18 M WIDE GOLD BEARING DYKE; C) A SERIES OF THIN CROSS-CUTTING GOLD BEARING QUARTZ VEINS OR STRINGERS THE DYKE EXPOSED IN 11 TRENCHES AND A SHAFT APPEARS TO BE THE MOST IMPORTANT GOLD BEARING UNIT OF 12 SAMPLES OF DYKE MATERIAL TAKEN FROM THE DUMP, 3 ASSAYED 85 G AU/T, 1 ASSAYED 153 G AU/T AND ONE 75 G AU/T ZAMEX EXAMINED IN 1961 AND DESCRIBED THE SHOWING AS AN ANTICLINAL STRUCTURE OF INDURATED MICACEOUS QUARTZITE INTERBEDDED WITH QUARTZ-MICA SCHISTS BEST CHANNEL SAMPLE GAVE 17 G AU/T OVER 91 M WITH ONE GRAB SAMPLE AT 75 G AU/T",WIDESPREAD GOLD MINERALIZATION WARRANTS A RE-INVESTIGATION.,269.3828186,3.84832598,
Kawenisha,-14.5,29.5833,Central Province,Mkushi,Central Province > Mkushi,Approximately 7 Km Nw (?) Of Chief Kawenishas Village,Mkushi,Approximately 18 KM east of old Mkushi,Beryl,,,Unknown,BERYL-BEARING PEGMATITE,"THE PEGMATITE CROPS OUT FOR 195 M BY 15 M, STRIKING 40° IT IS ZONED WITH BARREN QUARTZ, FELDSPAR AND MICA AT THE ENDS, AND THE SAME MINERALS WITH ACCESSORY BERYL IN THE CENTRAL 80-90 M THE BERYL IS ABUNDANT IN PLACES, BUT AS EXPOSED IN PITS IS ALL CLOUDY AND CHARGED WITH INCLUSIONS IT OCCURS AS BLUE-GREEN CRYSTALS AVERAGING <1 CM TO 15 CM AND IS HIGHLY FRACTURED NO GEMS HAVE BEEN FOUND","ALTHOUGH IT IS POSSIBLE THAT BETTER QUALITY MATERIAL IS PRESENT AT DEPTH, THE CHANCE OF FINDING SIGN...",287.9906567,4.114152239,
Buffalo - Quagga Chateka,-14.6375,29.3914,Central Province,Mkushi,Central Province > Mkushi,Western End Of Lunsemfwa Valley,Mkushi,125 KM NE of Lusaka,Gold,,,Unknown,HYDROTHERMAL QUARTZ VEINS,"UNCLASSIFIED THICK SEQUENCE OF SHEAR-FOLDED SCHIST AND QUARTZITE WITH THE CHATEKA OCCURRING AT THE W CONTACT OF A SYNTECTONIC HORNBLENDE-GRANITE BUFFALO-QUAGGA (NO 168, RMC 35 AND 116) IS LOCATED AT LAT 14°38'S, LONG 29°23'E, AND CONSISTS OF OLD TRENCHES EXPOSING QUARTZ VEINLETS (AVERAGE THICKNESS LESS THAN 03 M) CARRYING MALACHITE, TOURMALINE, IRON OXIDES AND BISMUTH MINERALS ASSAYED HIGH GOLD VALUES, BUT THESE WERE NOT CONTROLLED CHATEKA (NO 165, RMC 117) IS LOCATED AT LAT 15°02'S, LONG 29°28'E, AND CONSISTS OF QUARTZ RUBBLE OVER A 60 M SQ AREA THAT ASSAYED UP TO 48 G AU/T, BUT AVERAGED LESS THAN ONE G AU/T",THE NARROW NATURE OF THE QUARTZ VEINS COUPLED WITH THE BELIEVED SURFACE ENRICHED GOLD MAKE THE DEPOSIT OF LOW PRIORITY.,287.2223739,4.10317677,
Kampumba,-14.5,29.0833,Central Province,Mkushi,Central Province > Mkushi,12.8 Km Sw Of The Lunsemfwa Power Station,Mkushi,78 KM by road from Kabwe,Iron,Manganese,,Active,REPLACEMENT DEPOSIT,"THE DEPOSIT IS REPORTED BY GUERNSEY TO BE A REPLACEMENT OF IMPURE LIMESTONE IN THE BASEMENT IT FORMS THREE PROMINENT HILLS (EAST, MIDDLE AND WEST) ALONG A DISTANCE OF 2,400 M AND HAS A MAXIMUM WIDTH OF 30 M THE MN ORE OCCURS AS RUBBLE AND SURFACE ENRICHED SOLID ROCK THE MN ORE IS MAINLY PSILOMELANE WITH LOCAL ENRICHMENT OF BRAUNITE HAUSMANNITE AND LATE VEINS OF PYROLUSITE ARE FAIRLY COMMON AT DEPTH THE MN GIVES WAY TO MASSIVE HEMATITE WITH A LITTLE MAGNETITE THOUGH A FEW VEINLETS OF MN PERSIST REPRESENTATIVE SAMPLES QUOTED BY GUERNSEY RAN 6773% AND 5753% FE, 005% P2O5 ACCORDING TO GEOLOGICAL SURVEY DATA CARDS, THE SILICA RANGES FROM 01% TO 14%",Mineralization: IRON; Formation: BUT IN ECONOMIC TERMS IT IS EXPECTED BY MGM THAT IT WILL NOT COMPETE FAVOURABLY WITH THE SANJE GROUP.,256.1292503,3.65898929,
Mkushi Copper - Katunga Section,-13.75,29.0,Central Province,Mkushi,Central Province > Mkushi,Mkushi District,Mkushi,80 KM NE of Kabwe,Copper,Gold,Emerald,Active,FREEMAN (1989) ESTIMATED A POSSIBLE ONE MILLION T AT 1.2% Cu (0.4% Cu CUT-OFF) IN FOUR SEPARATE BODIES.,DISSEMINATED SULPHIDES HYDROTHERMAL (?) PORPHYRY COPPER (?),"Rock types: SCHIST, GNEISS; Mineralization: CHALCOPYRITE, PYRITE.",183.873735,2.626767643,
Umba River,-14.3333,30.6333,Eastern Province,Nyimba,Eastern Province > Nyimba,Within Western Part Of Former Nyimba Mining Licence 123 8 Km NNW Of Nyimba Township,Nyimba,About 370 road KM ENE of Lusaka 85 KM west of Petauke,Gold,,Silver,Active,NIL,VOLCANOGENIC (?) STRATIFORM MASSIVE SULPHIDE,"Rock types: GRANITE, QUARTZITE, SCHIST; Mineralization: COPPER, MALACHITE, GOLD; Formation: IT CONSISTS OF PRECAMBRIAN ROCKS OF THE MUVA GROUP.",361.4811997,5.164017139,
Nyimba-Petauke Area - Chipirinyuwa Prospect (Also Ngambua Lutala Hills Noake),-14.3333,30.6333,Eastern Province,Nyimba,Eastern Province > Nyimba,Within Nyimba Mining Licence 123,Nyimba,370 KM ENE of Lusaka,Zinc,Lead,Copper,Unknown,MINERAL SEARCH OF AFRICA LOCATED CU AND Zn GEOCHEMICAL ANOMALIES. FOLLOWED UP BY RESISTIVITY AND GRAVITY SURVEYS,LIMITED PITTING/TREECHING AND 10,000 M IN ZZ BOREHOLES,361.4811997,5.164017139,
Shankalama - Chibonti,-14.1833,30.0833,Central Province,Mkushi,Central Province > Mkushi,Lunsemfwa Valley,Mkushi,140 KM NNW of Petauke,Gold,,,Unknown,ALLUVIAL GOLD,ALLUVIAL GOLD IN THE GRAVELS OF THE SHANKALAMA CHIBONTI AND CHISANGA RIVERS DRAINING BASIC TO ULTRABASIC INTRUSIVES REGIONAL GEOLOGY TO THE SOUTH SHOWS THIS AREA TO BE ON THE EASTERN EDGE OF THE MULUNGUSHI BELT UNDERLAIN BY QUARTZ SCHIST AND QUARTZITE WITH MINOR AMPHIBOLITE CONSIDERED CLASTIC DEPOSITIONS OF THE MIDDLE MUVA UPPER PROTEROZOIC DEFORMATION ILLUSTRATED BY SHEAR FOLDING AND INTRUSION OF 15 X 08 KM MAIN BODY OF GABBRO PYROXENITE SERPENTINITE AND TALC SCHIST WHOSE SHEARED MARGINS OCCUR AS CHLORITE SCHIST AND IRON FM CUT BY NUMEROUS QUARTZ VEINLETS,Minerals: Gold,303.3757503,4.33393929,
Mpongo,-14.3167,30.1667,Central Province,Mkushi,Central Province > Mkushi,Lunsemfwa Valley - 3 Km From East Bank Of The Lunsemfwa River,Mkushi,240 KM east of Kabwe 31 KM NE of Mkushi,Copper,Zinc,Lead,Active,"FREEMAN (1989) USING A CUT-OFF OF 1% Cu OR 3.75% Zn OVER A TRUE WIDTH OF AT LEAST 1.5 M AND A TONNAGE FACTOR OF 3.1 T/CU M ESTIMATED TWO SULPHIDE ZONES (FROM 30-150 M) TO CONTAIN RESOURCES OF: COPPER-RICH ZONE - 733,000 T @ 1.47% Cu, 1.55% Zn, 0.62% Pb & 39.4 G/T Ag ZINC-RICH ZONE - 158,000 T @ 0.15% Cu, 6.4% Zn, 0.98% Pb & 19.4 G/T Ag PRIOR ESTIMATES BY ZAMANGLO AND FREEMAN ARE VERY SIMILAR TO FREEMANS NEW NUMBERS.",STRATIFORM MASSIVE SULPHIDE,"Rock types: QUARTZITE, SCHIST, CONGLOMERATE; Mineralization: COPPER, CHALCOPYRITE, PYRITE; Formation: PART OF LUNSEMFWA GROUP.",319.5291825,4.564702607,
Nyimba (Kapeepu),-14.5039,30.7586,Eastern Province,Nyimba,Eastern Province > Nyimba,Near Villages Of Nyimba And Kapeepu,Nyimba,60 KM west of Petauke,Tourmaline,Beryl,,Unknown,PEGMATITES,THIS AREA IS MENTIONED BY MONEY (1989) AND BY PATNEY AND TETHER (1989-7) THE PEGMATITE OCCUR IN A NW TRENDING BELT SOME 20 KM W OF THE KNOWN EXPOSURES OF THE SINDA BATHOLITH TO WHICH THEY ARE BELIEVED TO BE RELATED ESSENTIALLY THEY ARE HIGH-TEMPERATURE PEGMATITE HENCE THE PRESENCE OF TOURMALINE BUT DID NOT HAVE A SIGNIFICANT PHASE IN WHICH GEM BERYLS WERE PRODUCED THE AREA HAS REPORTEDLY PRODUCED GOOD QUALITY PINK AND GREEN TOURMALINE BUT THE ONLY SAMPLES OFFERED TO MGM WERE DARK GREEN SUB-OPAQUE SEMI-GEMS THAT DO NOT COMPARE WITH MADAGASCAR BI-COLOURS,THE NYIMBA PEGMATITES ARE OF A DIFFERENT FAMILY TO THOSE AT LUNDAZI AND DO NOT SEEM TO HAVE THE ECONOMIC POTENTIAL OF THE LATTER LOCALITY.,383.2591367,5.475130525,
Nchoncho,-14.9833,30.0333,Central Province,Mkushi,Central Province > Mkushi,0.8 Km South Of The Great East Road 43 Km East Of Rufunsa,Mkushi,211 KM by road east of Lusaka,Gold,Bismuth,,Unknown,QUARTZ VEIN SYSTEM,THE QUARTZ VEIN SYSTEM IS ASSOCIATED WITH A NARROW BUT EXTENSIVE SHEAR ZONE TRENDING 70° DIP STEEP W CUTTING BASEMENT GNEISSES THE VEINS CONTAIN QUARTZ AND TOURMALINE THEY SPLIT AND PINCH AND SWELL ALONG STRIKE AND ARE AS MUCH AS 60 M LONG INDIVIDUALLY AND 21 M WIDE THE TOURMALINE MAKES UP 5% TO 10% OF THE VEIN MATERIAL AND OCCURS WITH SPECULAR HEMATITE AND SMALL POCKETS OF EARTHY PALE YELLOWISH TO GREENISH-GREY BISMUTITE SAMPLING RECORDS RANGE FROM NIL TO A MAXIMUM OF 174% BI IN TRENCH 30-A NO GOLD ASSAYS ARE ON RECORD,Minerals: Gold,360.2985351,5.14712193,
Luangua Bridge Group,-14.7542,30.0083,Central Province,Mkushi,Central Province > Mkushi,Near The Luangwa River Bridge And A Number Of Other Localities,Mkushi,50 to 100 KM east of Rufunsa,Mica,Beryl,Tourmaline,Unknown,UNKNOWN,PEGMATITE,THE PEGMATITES WERE REPORTED BY FREEMAN TO CONTAIN SCATTERED CRYSTALS OF GREEN BERYL MEASURING UP TO 15 CM IN DIAMETER.,339.660033,4.852286186,
Humbi,-14.5,31.3333,Eastern Province,Nyimba,Eastern Province > Nyimba,Near Humbi Village,Nyimba,32 KM south of Petauke,Copper,Cobalt,Silver,Active,NIL,COPPER OCCURRENCE,"Rock types: GRANITE, GNEISS; Mineralization: CHALCOPYRITE, PYRITE.",435.4698378,6.220997683,
Cymric,-14.0833,32.9667,Eastern Province,Chadiza,Eastern Province > Chadiza,Chadiza District Eastern Province,Chadiza,35 KM SE of Chipata,Gold,,,Unknown,ALTERATION ZONE METAMORPHIC (?) HYDROTHERMAL (?),PROSPECT LOCATED NEAR THE SOUTH BANK OF THE NYERERE RIVER ACCORDING TO NORTH CHARTERLAND AT THE CONTACT OF A METAVOLCANIC INLIER WITHIN A MONOTONOUS LEUCOCRATIC GNEISS UNIT THAT CONTAINS SOME BIOTITE-QUARTZ SCHIST HORIZONS THE INLIER IS INTRUDED BY SERPENTINITES AND DIABASE PORPHYRY AND MAY BE ASSOCIATED WITH VOLCANIC ACTIVITY THE DIABASE PORPHYRY IS COMPOSED PREDOMINANTLY OF MEDIUM TO COARSE GRAINED PLAGIOCLASE AND CLINOPYROXENE WITH DEVITRIFIED GLASS IN THE INTERSTICES IMPLICATING A HYPABYSSAL ORIGIN FOLIATION STRIKES GENERALLY WNW TO NNE AND APPEARS TO HAVE BEEN AFFECTED BY SUBSEQUENT GENTLE FOLDING A FEW TRAVERSES BY MINEX SOUTH OF THE PROSPECT SHOWED AREAS MAPPED BY NORTH CHARTERLAND AS QUARTZITES TO BE A WELL FOLIATED (EPIDOTE +/- CHLORITE)-ACTINOLITE-QUARTZ SCHIST AN INTERMEDIATE META-VOLCANIC OR META-CALC-ARENITE AND THE QUARTZITES TO BE LESS EXTENSIVE THAN AS MAPPED LOCALLY TUFFS AND BASIC LAVAS ARE INTERBEDDED RATHER THAN AS SEPARATE UNITS AS MAPPED THE TUFFS ARE A CLASTIC GREENISH-GREY ROCK COMPOSED OF ASH TO LAPILLI-SIZED SUBANGULAR FELSIC FRAGMENTS AND ROUNDED TO SUBANGULAR EPIDOTE-ACTINOLITE-QUARTZITE PEBBLES THAT ACCORDING TO MINEX HAVE MORE THE APPEARANCE OF A CONGLOMERATE THAN AN AGGLOMERATE THE TRENCHES EXPOSE QUARTZ VEIN RUBBLE REDDISH COLOURED SCHIST DARK WEATHERED MICA SCHIST AND MICACEOUS QUARTZITES THE ROCK APPARENTLY MINED IS A FINE-GRAINED GREENISH COLOURED QUARTZ-CHLORITE-EPIDOTE SCHIST CONTAINING NARROW QUARTZ STRINGERS AND LOOKING ALTERED TO A WHITE QUARTZ-KAOLINITE ROCK A WELL DEVELOPED ALTERNATION OF HARD AND SOFT BEDS UP TO 1 M THICK IS PRESENT TWO SETS OF SCHISTOSITY ARE PRESENT WITHOUT PARALLEL TO THE BEDDING NO VISIBLE GOLD WAS OBSERVED EITHER IN THE ROCKS,Minerals: Gold,579.8480142,8.28354306,
Itapira,-15.45,26.5,Northern Province,Mumbwa,Northern Province > Mumbwa,East Of The Kafue National Park South Of The Mumbwa Road,Mumbwa,80 KM SW of Mumbwa,Diamond,,,Unknown,DIAMOND OCCURRENCE,THE BEDROCK GEOLOGY IN THE AREA IS BELIEVED TO BE LIMITED TO GRANITE NO KIMBERLITES WERE FOUND,Mineralization: DIAMOND.,355.522789,5.078896986,
Sonkwe - Itapira Group,-15.2542,26.5072,Northern Province,Kafue,Northern Province > Kafue,North Of The Kafue,Kafue,45 to 85 KM SW of Mumbwa,Iron,,,Unknown,MAINLY SEDIMENTARY IRON FORMATION,SONKWE: 22 KM WNW OF NAMAZOMBO SEDIMENTARY IRON FORMATION ASSOCIATED WITH KUNDELUNGU PYROCLASTICS AND SPILITES HEMATITE-JASPER-SULPHIDE MINERALIZATION GRADING 40% TO 50% FE SONKWE NORTH: ONE KM W OF SONKWE SIMILAR TO SONKWE 50% TO 60% FE KNAKO: 19 KM WNW OF NAMWALA SEDIMENTARY IRON FORMATION ASSOCIATED WITH KUNDELUNGU PYROCLASTICS AND PEBBLY GRITS <1 MILLION T @ 40% TO 50% FE ITAPIRA: 20 KM WNW OF NAMSENGA SMALL ELONGATED NE OF SEDIMENTARY OR REPLACEMENT IRON FORMATION ASSOCIATED WITH SCHIST AND GRANITE-GNEISS CONSISTS OF HEMATITE AND CHERT ITAPIRA NORTH: 18 KM W OF ITAPIRA SMALL SKARN DEPOSIT ASSOCIATED WITH SYENITE CONSISTS OF HEMATITE AND CHERT,THE OCCURRENCES ARE TOO REMOTE TO BE OF ECONOMIC INTEREST.,335.4669956,4.792385651,
Manakumbo (Smashikaula) Group,-15.2542,26.9242,Northern Province,Vicinity Of Manakumbo Village,Northern Province > Vicinity Of Manakumbo Village,Vicinity Of Manakumbo Village,Vicinity Of Manakumbo Village,40 KM south of Mumbwa,Iron,,,Active,SKARN AND SEDIMENTARY IRON DEPOSITS,SMASHIKAULA NORTH: 105 KM N OF MANAKUMBO MAGNETITE IN SEDIMENTARY BANDED IRONSTONE VERY SIMILAR TO NKOMBWA (SEE) SMASHIKAULA SOUTH: 9 KM N OF MANAKUMBO A HILL ELONGATED NE RISING 35 M ABOVE THE SURROUNDING FLATS MASSIVE MAGNETITE WITH SOME HYDROXIDES AND RARE PY PO AND CP THE DEPOSIT IS DESCRIBED AS A SYNFORM IN WHICH LIMESTONES HAVE BEEN METASOMATICALLY REPLACED THE DEPOSIT MEASURES 300 X 20 M AND WAS INVESTIGATED BY DRILLING BY GEOZAVOD IN 1966 NEWSE: 12 KM WNW OF MANAKUMBO SMALL HEMATITE-SULPHIDES SKARN DEPOSIT 30% TO 40% FE KMANAKUMBO: 6 KM WNW OF MANAKUMBO TABULAR MAGNETITE-HEMATITE SKARN OR REWORKED SEDIMENTARY DEPOSIT 40% TO 50% FE MANAGAZI: 5 KM N OF MANAKUMBO SMALL HEMATITE-MAGNETITE SKARN DEPOSIT 40% TO 50% FE MUSEFU: 20 KM WNW OF MANAKUMBO SEDIMENTARY IRON FORMATION FORMING PART OF THE SONKWE-NKOMBWA RANGE MASSIVE HEMATITE AND JASPER KILOMBWA-MASUNA: 24 KM WNW OF MANAKUMBO SEDIMENTARY IRON FORMATION FORMING PART OF SONKWE-NKOMBWA RANGE MASSIVE HEMATITE AND TACONITE,THESE DEPOSITS MAY BE CONSIDERED FOR MINING TO FEED A CENTRAL SMELTER BUT ARE NOT HIGH PRIORITY IN MGMs OPINION.,318.621535,4.551736214,
Mambala Group,-15.2542,27.1742,Central Province,Kabwe,Central Province > Kabwe,Vicinity Of Mambala Village,Kabwe,40 KM south of Mumbwa,Iron,,,Active,SKARN AND SEDIMENTARY IRON DEPOSITS,MAMBALA NORTH: 105 KM N OF MAMBALA MAGNETITE IN SEDIMENTARY BANDED IRONSTONE VERY SIMILAR TO NKOMBWA (SEE) MAMBALA SOUTH: 9 KM N OF MAMBALA A HILL ELONGATED NE RISING 35 M ABOVE THE SURROUNDING FLATS MASSIVE MAGNETITE WITH SOME HYDROXIDES AND RARE PY PO AND CP THE DEPOSIT IS DESCRIBED AS A SYNFORM IN WHICH LIMESTONES HAVE BEEN METASOMATICALLY REPLACED THE DEPOSIT MEASURES 300 X 20 M AND WAS INVESTIGATED BY DRILLING BY GEOZAVOD IN 1966,THESE DEPOSITS MAY BE CONSIDERED FOR MINING TO FEED A CENTRAL SMELTER BUT ARE NOT HIGH PRIORITY IN MGMs OPINION.,311.2158412,4.445940588,
Kela,-15.2833,26.2,Northern Province,Kafue,Northern Province > Kafue,East Of The Kafue River West Of The Itezhi-Itezhi Road,Kafue,Kela is approximately 48 KM south of the Mumbwa-Kafue road,Diamond,,,Unknown,BARREN KIMBERLITE,GRANITE FORMS THE COUNTRY ROCK IN THE ENTIRE AREA THE THREE PIPES HAVE DIMENSIONS ELONGATED NW AS FOLLOWS: KB1 77 X 30 M KB2 38 X 30 M KB3 15 X 8 M THE KIMBERLITE IS SOFT GREEN WEATHERED WITH NO EVIDENCE OF SEDIMENTARY MATERIAL NO DIAMONDS WERE RECOVERED,THE OCCURRENCE APPEARS TO HAVE BEEN ADEQUATELY EXPLORED BY DE BEERS.,353.8606258,5.055151798,
Kalola,-15.1667,27.9167,Lusaka Province,Kabwe,Lusaka Province > Kabwe,Lusaka,Kabwe,40 KM NW of Lusaka,Iron,,,Unknown,SEDIMENTARY IRON FORMATION,SMALL SEDIMENTARY IRON FORMATION IN LOWER KATANGA CHUNGU FORMATION IT CONSISTS OF MAGNETITE AND HEMATITE IN QUARTZ SCHIST,Mineralization: IRON.,292.9058525,4.184369322,
Nampundwe (King Edward),-15.466666666666669,27.916666666666668,Lusaka Province,Kabwe,Lusaka Province > Kabwe,Lusaka,Kabwe,40 KM WSW OF LUSAKA,Sulphur,Copper,Iron,Mined By ZCCM,"Fully developed: 663,000 T @ 16.7% S; Undeveloped: 7.8M T @ 16.1% S [cite: 29-35].",STRATIFORM SULPHIDE-IRON,Marine pyrite-magnetite striking NW dipping steep SW. Cheta Formation.,326.25476865862936,4.660782409408991,LUSAKA-SANJE AREA
Dunrobin (Luiri),-15.15,27.183333333333334,Central Province,Kabwe,Central Province > Kabwe,Mumbwa,Kabwe,27 KM SE OF MUMBWA,Gold,Copper,Bismuth,Flooded/Percolation Plant,"Tailings: 57,000 T @ ~0.95 g/t. Shoot: 2,300 T @ 2 g/t [cite: 96-97].",HYDROTHERMAL VEIN,Sheared western nose of Matala Dome anticline. Contact zone heavy tectonised [cite: 102-104].,299.7324988875804,4.281892841251149,MUMBWA AREA
Matala (Mine),-15.15,27.28333333333333,Central Province,Kabwe,Central Province > Kabwe,Mumbwa,Kabwe,29 KM SE OF MUMBWA,Gold,,,Dewatering,"Slimes: 40,000T @ 2-3.3 g/t. Waste: 7,600T @ 9.83 g/t[cite: 213].",HYDROTHERMAL QUARTZ VEIN,Large dome capped by silicified breccia 'dyke'. Quartz-tourmaline vein [cite: 233-235].,297.3251020298595,4.247501457569422,MUMBWA AREA
Ace (Matala Group),-15.15,27.28333333333333,Central Province,Kabwe,Central Province > Kabwe,2 Km West Of Matala,Kabwe,29 KM SE OF MUMBWA,Gold,,,Active,Avg surface value 4.5 g/t Au [cite: 201].,VEIN,"Quartz-iron-carbonate vein, 0.4m thick, traceable 500m[cite: 201].",297.3251020298595,4.247501457569422,2 KM WEST OF MATALA
Katuamenda (Matala Group),-15.15,27.28333333333333,Central Province,Kabwe,Central Province > Kabwe,10 Km Ese Of Matala,Kabwe,29 KM SE OF MUMBWA,Gold,,,Active,Avg value 8.32 g/t (26 assays)[cite: 203].,VEIN,"370m long vein, 0.25m thick. Quartz/siderite/iron oxides[cite: 202].",297.3251020298595,4.247501457569422,10 KM ESE OF MATALA
Rhino (Matala Group),-15.15,27.28333333333333,Central Province,Kabwe,Central Province > Kabwe,Matala Area,Kabwe,29 KM SE OF MUMBWA,Gold,,,Active,94m section avg 5.9 g/t over 0.6m [cite: 205].,VEIN,"Highly ferruginous NNE vein, 490m long[cite: 204].",297.3251020298595,4.247501457569422,MATALA AREA
Namabula (Matala Group),-15.15,27.28333333333333,Central Province,Kabwe,Central Province > Kabwe,Within 20 Km Radius Of Matala,Kabwe,,Gold,,,Active,Avg 2.6 g/t[cite: 205].,,Part of Matala group.,297.3251020298595,4.247501457569422,WITHIN 20 KM RADIUS OF MATALA
Shadureck (Matala Group),-15.15,27.28333333333333,Central Province,Kabwe,Central Province > Kabwe,Within 20 Km Radius Of Matala,Kabwe,,Gold,,,Active,Avg 3.11 g/t[cite: 205].,,Part of Matala group.,297.3251020298595,4.247501457569422,WITHIN 20 KM RADIUS OF MATALA
Jack And Rode (Matala Group),-15.15,27.28333333333333,Central Province,Kabwe,Central Province > Kabwe,Within 20 Km Radius Of Matala,Kabwe,,Gold,,,Active,Avg 3.3 g/t[cite: 206].,,Part of Matala group.,297.3251020298595,4.247501457569422,WITHIN 20 KM RADIUS OF MATALA
Eclipse (Matala Group),-15.15,27.28333333333333,Central Province,Kabwe,Central Province > Kabwe,Within 20 Km Radius Of Matala,Kabwe,,Gold,,,Active,Avg 2.09 g/t[cite: 206].,,Part of Matala group.,297.3251020298595,4.247501457569422,WITHIN 20 KM RADIUS OF MATALA
Eva (Matala Group),-15.15,27.28333333333333,Central Province,Kabwe,Central Province > Kabwe,Within 20 Km Radius Of Matala,Kabwe,,Gold,,,Active,Avg 1.47 g/t[cite: 206].,,Part of Matala group.,297.3251020298595,4.247501457569422,WITHIN 20 KM RADIUS OF MATALA
Rob Roy (Matala Group),-15.15,27.28333333333333,Central Province,Kabwe,Central Province > Kabwe,Within 20 Km Radius Of Matala,Kabwe,,Gold,,,Active,Avg 1.2 g/t[cite: 206].,,Part of Matala group.,297.3251020298595,4.247501457569422,WITHIN 20 KM RADIUS OF MATALA
Shaddock (Matala Group),-15.15,27.28333333333333,Central Province,Kabwe,Central Province > Kabwe,Luiri Area,Kabwe,,Gold,,,Active,,,Part of Matala/Luiri area.,297.3251020298595,4.247501457569422,LUIRI AREA
Chibaba (Matala Group),-15.15,27.28333333333333,Central Province,Kabwe,Central Province > Kabwe,Luiri Area,Kabwe,,Gold,,,Active,,,Part of Matala/Luiri area.,297.3251020298595,4.247501457569422,LUIRI AREA
Tanduma (Matala Group),-15.15,27.28333333333333,Central Province,Kabwe,Central Province > Kabwe,Luiri Area,Kabwe,,Gold,,,Active,,,Part of Matala/Luiri area.,297.3251020298595,4.247501457569422,LUIRI AREA
Jewsuss (Mo 219),-15.15,27.28333333333333,Central Province,Kabwe,Central Province > Kabwe,Within 20 Km Radius Of Matala,Kabwe,,Gold,,,Active,,,Part of Matala group.,297.3251020298595,4.247501457569422,WITHIN 20 KM RADIUS OF MATALA
Chibolela (Mo 220),-15.15,27.28333333333333,Central Province,Kabwe,Central Province > Kabwe,Within 20 Km Radius Of Matala,Kabwe,,Gold,,,Active,,,Part of Matala group.,297.3251020298595,4.247501457569422,WITHIN 20 KM RADIUS OF MATALA
Chikwashia (Mo 216-218),-15.15,27.28333333333333,Central Province,Kabwe,Central Province > Kabwe,Within 20 Km Radius Of Matala,Kabwe,,Gold,,,Active,,,Part of Matala group.,297.3251020298595,4.247501457569422,WITHIN 20 KM RADIUS OF MATALA
Marie (Mo 232/233),-15.15,27.28333333333333,Central Province,Kabwe,Central Province > Kabwe,Within 20 Km Radius Of Matala,Kabwe,,Gold,,,Active,,,Part of Matala group.,297.3251020298595,4.247501457569422,WITHIN 20 KM RADIUS OF MATALA
Lewis (Mo 196),-15.15,27.28333333333333,Central Province,Kabwe,Central Province > Kabwe,Within 20 Km Radius Of Matala,Kabwe,,Gold,,,Active,,,Part of Matala group.,297.3251020298595,4.247501457569422,WITHIN 20 KM RADIUS OF MATALA
Shiweza (Mo 204),-15.15,27.28333333333333,Central Province,Kabwe,Central Province > Kabwe,Within 20 Km Radius Of Matala,Kabwe,,Gold,,,Active,,,Part of Matala group.,297.3251020298595,4.247501457569422,WITHIN 20 KM RADIUS OF MATALA
Chisaka (Mo 207),-15.15,27.28333333333333,Central Province,Kabwe,Central Province > Kabwe,Within 20 Km Radius Of Matala,Kabwe,,Gold,,,Active,,,Part of Matala group.,297.3251020298595,4.247501457569422,WITHIN 20 KM RADIUS OF MATALA
Nagasaka (Mo 208),-15.15,27.28333333333333,Central Province,Kabwe,Central Province > Kabwe,Within 20 Km Radius Of Matala,Kabwe,,Gold,,,Active,,,Part of Matala group.,297.3251020298595,4.247501457569422,WITHIN 20 KM RADIUS OF MATALA
Maguyunt (Mo 210),-15.15,27.28333333333333,Central Province,Kabwe,Central Province > Kabwe,Within 20 Km Radius Of Matala,Kabwe,,Gold,,,Active,,,Part of Matala group.,297.3251020298595,4.247501457569422,WITHIN 20 KM RADIUS OF MATALA
Henry Area (Mo 211),-15.15,27.28333333333333,Central Province,Kabwe,Central Province > Kabwe,Within 20 Km Radius Of Matala,Kabwe,,Gold,,,Active,,,Part of Matala group.,297.3251020298595,4.247501457569422,WITHIN 20 KM RADIUS OF MATALA
Miboroma (Mo 223),-15.15,27.28333333333333,Central Province,Kabwe,Central Province > Kabwe,Within 20 Km Radius Of Matala,Kabwe,,Gold,,,Active,,,Part of Matala group.,297.3251020298595,4.247501457569422,WITHIN 20 KM RADIUS OF MATALA
Shangara (Mo 215),-15.15,27.28333333333333,Central Province,Kabwe,Central Province > Kabwe,Within 20 Km Radius Of Matala,Kabwe,,Gold,,,Active,,,Part of Matala group.,297.3251020298595,4.247501457569422,WITHIN 20 KM RADIUS OF MATALA
Shimwambwa (Mo 213),-15.15,27.28333333333333,Central Province,Kabwe,Central Province > Kabwe,Within 20 Km Radius Of Matala,Kabwe,,Gold,,,Active,,,Part of Matala group.,297.3251020298595,4.247501457569422,WITHIN 20 KM RADIUS OF MATALA
Sankamanda (Mo 222),-15.15,27.28333333333333,Central Province,Kabwe,Central Province > Kabwe,Within 20 Km Radius Of Matala,Kabwe,,Gold,,,Active,,,Part of Matala group.,297.3251020298595,4.247501457569422,WITHIN 20 KM RADIUS OF MATALA
Namantombwa,-15.416666666666666,27.366666666666667,Central Province,Kabwe,Central Province > Kabwe,Blue Lagoon Game Reserve,Kabwe,100 KM WEST OF LUSAKA,Iron,,,Active,8.7M to 12.5M T @ 55-58% Fe.,REPLACEMENT IRON,Replacement of folded limestone with gabbro/syenite intrusions[cite: 158].,324.82881180921066,4.640411597274438,BLUE LAGOON GAME RESERVE
Ngaibwe (Nagaibwa),-15.416666666666666,27.366666666666667,Central Province,Kabwe,Central Province > Kabwe,20 Km E Of Kapanda,Kabwe,100 KM WEST OF LUSAKA,Iron,,,Active,30 Million T @ 45-60% Fe.,BANDED IRON FORMATION,Hill of BIF projecting above Kafue Flats. Higher metamorphic grade than Pamba[cite: 157].,324.82881180921066,4.640411597274438,20 KM E OF KAPANDA
Blue Lagoon (Iron),-15.416666666666666,27.366666666666667,Central Province,Kabwe,Central Province > Kabwe,10 Km E Of Kapanda,Kabwe,100 KM WEST OF LUSAKA,Iron,,,Active,,SEDIMENTARY IRON FORMATION,"Small tabular sedimentary iron formation, banded hematite/magnetite[cite: 160].",324.82881180921066,4.640411597274438,10 KM E OF KAPANDA
Nemesha (Memencha),-15.416666666666666,27.366666666666667,Central Province,Kabwe,Central Province > Kabwe,6 Km S Of Kapanda,Kabwe,100 KM WEST OF LUSAKA,Iron,,,Active,,SKARN,Small tabular skarn with Kundelungu marble/syenite. Martitized magnetite[cite: 161].,324.82881180921066,4.640411597274438,6 KM S OF KAPANDA
Kapanda,-15.416666666666666,27.366666666666667,Central Province,Kabwe,Central Province > Kabwe,Namantombwa Group Area,Kabwe,100 KM WEST OF LUSAKA,Iron,,,Active,,,Reference location for Ngaibwe/Blue Lagoon [cite: 157-161].,324.82881180921066,4.640411597274438,NAMANTOMBWA GROUP AREA
Chandete (Chanobie),-15.133333333333333,27.116666666666667,Central Province,Kabwe,Central Province > Kabwe,Central Region,Kabwe,25 KM SOUTH OF MUMBWA,Copper,Silver,,Active,"Est 15,000 T @ 1.5% Cu (North) [cite: 287].",BRECCIA ZONE,Malachite/pseudo-malachite in brecciated dolomitic rock[cite: 293].,299.7544696653696,4.28220670950528,CENTRAL REGION
Mutombe,-15.25,27.75,Lusaka Province,Kabwe,Lusaka Province > Kabwe,Mwembeshi River,Kabwe,8 KM SW OF PAMBA,Iron,,,Active,10 Million T @ 30-40% Fe [cite: 335].,SEDIMENTARY IRON FORMATION,"Ferruginous quartzite similar to Pamba, striking E, dipping N[cite: 353].",302.27600729462574,4.318228675637511,MWEMBESHI RIVER
Pamba,-15.25,27.75,Lusaka Province,Kabwe,Lusaka Province > Kabwe,Mwembeshi River,Kabwe,48 KM WEST OF LUSAKA,Iron,,,Active,21 Million T @ 49.2% Fe or 10-20M T @ 51% Fe [cite: 335-336].,SEDIMENTARY IRON FORMATION,Ferruginous quartzite in seven kopjes. Magnetite/martite [cite: 347-350].,302.27600729462574,4.318228675637511,MWEMBESHI RIVER
Sanje Copper,-15.433333333333334,27.933333333333334,Lusaka Province,Kabwe,Lusaka Province > Kabwe,Lusaka,Kabwe,30 KM SW OF LUSAKA,Copper,Germanium,Silver,Active,"14,000 T @ 4.30% Cu (High Grade). 476,000 T @ 0.68% Cu [cite: 382-383].",STRATIFORM COPPER,"Pipe-shaped body of low-grade copper. High grade contains 60 g/t Ge, 150 g/t Ag.",322.59429818629854,4.608489974089979,LUSAKA DISTRICT
Sanje (Iron),-15.5,27.916666666666668,Lusaka Province,Kabwe,Lusaka Province > Kabwe,Lusaka,Kabwe,35 KM WSW OF LUSAKA,Iron,,,Active,"Probable Ore: 3.8 Million T @ 62% Fe, 1.3% S[cite: 433].",IRON REPLACEMENT,Pipe-like hydrothermal replacement of limestone. Massive specular hematite[cite: 448].,329.9603638320765,4.713719483315378,LUSAKA SANJE AREA
Cheta (Iron),-15.5,27.916666666666668,Lusaka Province,Kabwe,Lusaka Province > Kabwe,6 Km N Of Nampundwe,Kabwe,35 KM WSW OF LUSAKA,Iron,,,Active,Approx 5 Million T @ 66.75% Fe[cite: 435].,IRON REPLACEMENT,Hematite-magnetite-martite-limonite deposit. Pyritic at depth [cite: 453-454].,329.9603638320765,4.713719483315378,6 KM N OF NAMPUNDWE
Strauss Ridge,-15.5,27.916666666666668,Lusaka Province,Kabwe,Lusaka Province > Kabwe,Lusaka,Kabwe,,Iron,,,Active,,STRATIFORM MAGNETITE-HEMATITE,Small stratiform deposit striking East for approx 300m[cite: 457].,329.9603638320765,4.713719483315378,24 KM WSW OF LUSAKA
Venter'S Ridge,-15.5,27.916666666666668,Lusaka Province,Kabwe,Lusaka Province > Kabwe,Lusaka,Kabwe,,Iron,,,Active,0.5 Million T @ 66.9% Fe [cite: 437].,STRATIFORM IRON,"Friable, porous, magnetite-hematite-jasper ore[cite: 459].",329.9603638320765,4.713719483315378,24 KM WSW OF LUSAKA
Chitentabunga,-15.4,28.8,Lusaka Province,Mkushi,Lusaka Province > Mkushi,Lusaka,Mkushi,40 KM ESE OF LUSAKA,Gold,Silver,Copper,Active,NIL,HYDROTHERMAL QUARTZ VEIN,"Quartz veins crosscut Chongwe Group. Traces W, Bi, Tin with 0.5 g/t Au [cite: 493-495].",334.8367830744032,4.783382615348617,LUSAKA AREA
Chongwe Iron,-15.25,28.5,Lusaka Province,Kabwe,Lusaka Province > Kabwe,Chongwe,Kabwe,45 KM EAST OF LUSAKA,Iron,,,Active,10 Million T @ 65% Fe (Stohl) or 1M T @ 64% Fe (Woakes) [cite: 524-525].,SEDIMENTARY IRON FORMATION,21 km line of outcrops of iron ore. Granular massive magnetite/specular hematite [cite: 530-531].,310.1225666244568,4.430322380349383,WEST BANK CHONGWE RIVER
Kasisi North Iron,-15.25,28.5,Lusaka Province,Kabwe,Lusaka Province > Kabwe,2 Km Ne Of Kasisi Village,Kabwe,45 KM EAST OF LUSAKA,Iron,,,Active,,SEDIMENTARY IRON FORMATION,Part of Chongwe Iron group.,310.1225666244568,4.430322380349383,2 KM NE OF KASISI VILLAGE
Mweba Stream (Lusaka East),-15.25,29.5,Lusaka Province,Mkushi,Lusaka Province > Mkushi,Lusaka,Mkushi,80 KM EAST OF LUSAKA,Copper,,,Active,,GEOCHEM TARGET,590 ppm Cu in stream sediment. Muva age quartzites[cite: 573].,350.6688628839872,5.00955518405696,LUSAKA EAST AREA
Beswa Hill (Lusaka East),-15.25,29.5,Lusaka Province,Mkushi,Lusaka Province > Mkushi,Lusaka,Mkushi,80 KM EAST OF LUSAKA,Copper,,,Active,,QUARTZITE HOSTED,Malachite in quartzite. Best grab sample 1.10% Cu[cite: 575].,350.6688628839872,5.00955518405696,LUSAKA EAST AREA
Nkaseka Hill (Mo 121 / Lusaka East),-15.25,29.5,Lusaka Province,Mkushi,Lusaka Province > Mkushi,Lusaka,Mkushi,80 KM EAST OF LUSAKA,Gold,,,Active,,VEIN,Several veins up to 0.6m wide. 11/52 samples > 1.7 g/t Au [cite: 581-582].,350.6688628839872,5.00955518405696,LUSAKA EAST AREA
Geelong Malunda (Mo 129),-15.25,29.5,Lusaka Province,Mkushi,Lusaka Province > Mkushi,Lusaka,Mkushi,80 KM EAST OF LUSAKA,Gold,Bismuth,,Active,,VEIN,Veins up to 40m long. Trench samples up to 1.2 g/t Au[cite: 589].,350.6688628839872,5.00955518405696,LUSAKA EAST AREA
Jessie Mine (Lusaka East),-15.25,29.5,Lusaka Province,Mkushi,Lusaka Province > Mkushi,Lusaka,Mkushi,80 KM EAST OF LUSAKA,Unknown,,,Active,,,,350.6688628839872,5.00955518405696,LUSAKA EAST AREA
Darg Mine (Lusaka East),-15.25,29.5,Lusaka Province,Mkushi,Lusaka Province > Mkushi,Lusaka,Mkushi,80 KM EAST OF LUSAKA,Unknown,,,Active,,,,350.6688628839872,5.00955518405696,LUSAKA EAST AREA
New Mo (Lusaka East),-15.25,29.5,Central Province,Mkushi,Central Province > Mkushi,9.66 Km East Of Jessie Mine,Mkushi,80 KM EAST OF LUSAKA,Copper,,,Active,,QUARTZITE HOSTED,Chalcocite and malachite in bands in quartzite[cite: 576].,350.6688628839872,5.00955518405696,9.66 KM EAST OF JESSIE MINE
Mo 119/120 (Lusaka East),-15.25,29.5,Central Province,Mkushi,Central Province > Mkushi,Mulambwa Stream Basin,Mkushi,80 KM EAST OF LUSAKA,Gold,Bismuth,,Active,,VEIN,Rubble/float of tourmaline/vein quartz. Assays 5.5 and 1.9 g/t Au [cite: 578-579].,350.6688628839872,5.00955518405696,MULAMBWA STREAM BASIN
Mo 126 (Lusaka East),-15.25,29.5,Lusaka Province,Mkushi,Lusaka Province > Mkushi,Lusaka,Mkushi,80 KM EAST OF LUSAKA,Gold,,,Active,,VEIN,"Several quartz veins, main one 1.3m wide, 210m long[cite: 585].",350.6688628839872,5.00955518405696,LUSAKA EAST AREA
Mo 160/161 (Lusaka East),-15.25,29.5,Lusaka Province,Mkushi,Lusaka Province > Mkushi,Lusaka,Mkushi,80 KM EAST OF LUSAKA,Copper,Gold,Silver,Active,,BASEMENT,Widespread basement copper mineralization with traces gold/silver[cite: 592].,350.6688628839872,5.00955518405696,LUSAKA EAST AREA
Mo 207 (Chisaka),-15.25,29.5,Lusaka Province,Mkushi,Lusaka Province > Mkushi,Lusaka,Mkushi,80 KM EAST OF LUSAKA,Copper,Gold,,Active,,,Old prospect not found by Chartered Ex.,350.6688628839872,5.00955518405696,LUSAKA EAST AREA
Mo 52 (Lusaka East),-15.25,29.5,Lusaka Province,Mkushi,Lusaka Province > Mkushi,Lusaka,Mkushi,80 KM EAST OF LUSAKA,Copper,,,Active,,AMYGDALOIDAL,Minor copper in amygdales/joint planes[cite: 595].,350.6688628839872,5.00955518405696,LUSAKA EAST AREA
Kuanga,-15.233333333333333,28.883333333333333,Lusaka Province,Mkushi,Lusaka Province > Mkushi,Chinyunyu Dome,Mkushi,80 KM EAST OF LUSAKA,Gold,Copper,,Active,UNKNOWN,HYDROTHERMAL VEIN,Quartz vein 50m x 1m. High gold values from surface not duplicated later [cite: 644-647].,320.2772901204454,4.575389858863506,CHINYUNYU DOME
Pala Darg,-15.25,28.75,Lusaka Province,Mkushi,Lusaka Province > Mkushi,Chinyunyu Dome,Mkushi,75 KM ENE OF LUSAKA,Gold,Bismuth,,Active,Est. 297 T @ 2.63% Bi. Garlick est. 408 T @ 4% Bi.,HYDROTHERMAL VEIN,"Quartz vein strikes E 25 S, 1m width. Bismuthinite/native bismuth [cite: 674-676].",317.3168719480668,4.533098170686669,CHINYUNYU DOME
Shamgla (Pala Darg Group),-15.25,28.75,Lusaka Province,Mkushi,Lusaka Province > Mkushi,Pala Darg Area,Mkushi,75 KM ENE OF LUSAKA,Unknown,,,Active,,,Part of Pala Darg group[cite: 673].,317.3168719480668,4.533098170686669,PALA DARG AREA
Kayebwe (Pala Darg Group),-15.25,28.75,Lusaka Province,Mkushi,Lusaka Province > Mkushi,Pala Darg Area,Mkushi,75 KM ENE OF LUSAKA,Unknown,,,Active,,,Part of Pala Darg group[cite: 673].,317.3168719480668,4.533098170686669,PALA DARG AREA
Cairn Dhu (Pala Darg Group),-15.25,28.75,Lusaka Province,Mkushi,Lusaka Province > Mkushi,Pala Darg Area,Mkushi,75 KM ENE OF LUSAKA,Unknown,,,Active,,,Part of Pala Darg group[cite: 673].,317.3168719480668,4.533098170686669,PALA DARG AREA
Rainbow (Mo 251),-15.25,28.75,Lusaka Province,Mkushi,Lusaka Province > Mkushi,Pala Darg Area,Mkushi,75 KM ENE OF LUSAKA,Unknown,,,Active,,,Part of Pala Darg group[cite: 673].,317.3168719480668,4.533098170686669,PALA DARG AREA
Devonshire (Pala Darg Group),-15.25,28.75,Lusaka Province,Mkushi,Lusaka Province > Mkushi,Pala Darg Area,Mkushi,75 KM ENE OF LUSAKA,Unknown,,,Active,,,Part of Pala Darg group[cite: 673].,317.3168719480668,4.533098170686669,PALA DARG AREA
Lucre (Pala Darg Group),-15.25,28.75,Lusaka Province,Mkushi,Lusaka Province > Mkushi,Se End Of Pala Darg System,Mkushi,75 KM ENE OF LUSAKA,Gold,Bismuth,Silver,Active,,VEIN,"Veins near contact basic schists/granite. Ag (7ppm), Au (2.4ppm)[cite: 681].",317.3168719480668,4.533098170686669,SE END OF PALA DARG SYSTEM
Chalalobuka (Chongwe),-15.216666666666669,28.53333333333333,Lusaka Province,Mkushi,Lusaka Province > Mkushi,Chongwe,Mkushi,43 KM NNE OF LUSAKA,Copper,,,Active,Sulphide: 1.4M T @ 2.88% Cu. Oxide: 0.7M T @ 1.83% Cu.,SHEAR ZONE COPPER,Thickness 0.72-7.09m. Capped by Cu-bearing micaceous mud.,307.3580141224631,4.390828773178044,CHONGWE GROUP
50/59 (Chongwe),-15.216666666666669,28.53333333333333,Lusaka Province,Mkushi,Lusaka Province > Mkushi,Chongwe,Mkushi,43 KM NNE OF LUSAKA,Copper,,,Active,"Sulphide: 1.9M T @ 1.54% Cu. Oxide: 59,000 T @ 1.81% Cu.",SHEAR ZONE COPPER,Thickness 0.40-8.66m.,307.3580141224631,4.390828773178044,CHONGWE GROUP
Chongwe South,-15.216666666666669,28.53333333333333,Lusaka Province,Mkushi,Lusaka Province > Mkushi,Chongwe,Mkushi,43 KM NNE OF LUSAKA,Copper,,,Active,"A Lens: 161,000 T @ 2.58% Cu. C Lens: 223,000 T @ 2.46% Cu [cite: 730-736].",SHEAR ZONE COPPER,,307.3580141224631,4.390828773178044,CHONGWE GROUP
Lucky Jim (Chongwe),-15.216666666666669,28.53333333333333,Lusaka Province,Mkushi,Lusaka Province > Mkushi,Chongwe,Mkushi,43 KM NNE OF LUSAKA,Copper,,,Active,"Oxide: 121,000 T @ 2.42% Cu (Refractory) [cite: 752-753].",SHEAR ZONE COPPER,,307.3580141224631,4.390828773178044,CHONGWE GROUP
Kanakantapa (Chongwe),-15.216666666666669,28.53333333333333,Lusaka Province,Mkushi,Lusaka Province > Mkushi,Chongwe,Mkushi,43 KM NNE OF LUSAKA,Copper,,,Active,"Oxide: 41,000 T @ 1.70% Cu (Refractory)[cite: 754].",SHEAR ZONE COPPER,,307.3580141224631,4.390828773178044,CHONGWE GROUP
Tanta Wanda (Mo 256),-15.216666666666669,28.53333333333333,Lusaka Province,Mkushi,Lusaka Province > Mkushi,Chongwe,Mkushi,43 KM NNE OF LUSAKA,Copper,,,Active,,VEIN,Two small shoots Cp-Bn-Cc. Assays 3.52% Cu/1.4m[cite: 770].,307.3580141224631,4.390828773178044,CHONGWE GROUP
Chilonga (Mo 257),-15.216666666666669,28.53333333333333,Lusaka Province,Mkushi,Lusaka Province > Mkushi,Chongwe,Mkushi,43 KM NNE OF LUSAKA,Copper,,,Active,,SEDIMENTARY/SHEAR,Surface mineralization avg 1.3% Cu. Area 150 x 100m[cite: 770].,307.3580141224631,4.390828773178044,CHONGWE GROUP
Sisengo (Mo 258),-15.216666666666669,28.53333333333333,Lusaka Province,Mkushi,Lusaka Province > Mkushi,Chongwe,Mkushi,43 KM NNE OF LUSAKA,Copper,,,Active,,SHEAR,Explored by shallow shafts. Similar to Allies but small[cite: 770].,307.3580141224631,4.390828773178044,CHONGWE GROUP
Robuko (Mo 258),-15.216666666666669,28.53333333333333,Lusaka Province,Mkushi,Lusaka Province > Mkushi,Chongwe,Mkushi,43 KM NNE OF LUSAKA,Copper,,,Active,,SHEAR,Similar to Sisengo[cite: 770].,307.3580141224631,4.390828773178044,CHONGWE GROUP
Chisolaki (Mo 259),-15.333333333333334,28.666666666666668,Lusaka Province,Mkushi,Lusaka Province > Mkushi,Chongwe,Mkushi,40 KM ENE OF LUSAKA,Gold,,,Active,,HYDROTHERMAL QUARTZ VEIN,Erratic gold in ironstone lenses. Highest assay 67.7 g/t[cite: 770].,323.5812915934773,4.622589879906819,CHONGWE GROUP
Lusoke (Mo 259),-15.333333333333334,28.666666666666668,Lusaka Province,Mkushi,Lusaka Province > Mkushi,Chongwe,Mkushi,40 KM ENE OF LUSAKA,Gold,,,Active,,HYDROTHERMAL QUARTZ VEIN,Part of Chisolaki area[cite: 770].,323.5812915934773,4.622589879906819,CHONGWE GROUP
Chaiyenda (Mo 260),-15.316666666666666,28.616666666666667,Lusaka Province,Mkushi,Lusaka Province > Mkushi,Chongwe,Mkushi,40 KM ENE OF LUSAKA,Gold,,,Active,"11,500 T @ 1 g/t Au[cite: 830].",HYDROTHERMAL QUARTZ VEIN,Gold mineralization 390 x 40m area.,320.3637243948388,4.576624634211983,CHONGWE GROUP
Nkanda (Chongwe),-15.216666666666669,28.53333333333333,Lusaka Province,Mkushi,Lusaka Province > Mkushi,Chongwe,Mkushi,,Copper,,,Active,,SHEAR,Sulphide mineralization. Part of Katuba-Tundwe-Nkanda group[cite: 770].,307.3580141224631,4.390828773178044,WEST OF CHONGWE BLOCKS
Tundwe (Chongwe),-15.216666666666669,28.53333333333333,Lusaka Province,Mkushi,Lusaka Province > Mkushi,Chongwe,Mkushi,,Copper,,,Active,,SHEAR,Sulphide mineralization. Part of Katuba-Tundwe-Nkanda group[cite: 770].,307.3580141224631,4.390828773178044,WEST OF CHONGWE BLOCKS
Katubu (Chongwe),-15.216666666666669,28.53333333333333,Lusaka Province,Mkushi,Lusaka Province > Mkushi,Chongwe,Mkushi,,Copper,,,Active,,SHEAR,Sulphide mineralization. Best intersection 2.09% Cu over 2.7m[cite: 770].,307.3580141224631,4.390828773178044,WEST OF CHONGWE BLOCKS
Chibukama (Chongwe),-15.216666666666669,28.53333333333333,Lusaka Province,Mkushi,Lusaka Province > Mkushi,Chongwe,Mkushi,,Copper,,,Active,,SHEAR,No values > 0.5% Cu intersected[cite: 770].,307.3580141224631,4.390828773178044,3 KM WSW OF CHONGWE
Chongwe North (Rst),-15.216666666666669,28.53333333333333,Lusaka Province,Mkushi,Lusaka Province > Mkushi,Chongwe,Mkushi,,Copper,,,Active,,,Part of Chongwe Group.,307.3580141224631,4.390828773178044,CHONGWE GROUP
Chongwe East (Mo 255),-15.216666666666669,28.53333333333333,Lusaka Province,Mkushi,Lusaka Province > Mkushi,Chongwe,Mkushi,,Copper,,,Active,,,36 km SE of Chalalobuka.,307.3580141224631,4.390828773178044,EXTREME SE OF CHONGWE GROUP
Allies (Mo 261),-15.266666666666667,28.58333333333333,Lusaka Province,Mkushi,Lusaka Province > Mkushi,Chongwe,Mkushi,40 KM NE OF LUSAKA,Copper,Gold,,Active,"Lens 1: 130,000 T @ 4.37% Cu. Lens 2: 59,000 T @ 4.84% Cu[cite: 866].",SHEAR ZONE,Shear zone 300m long. Cp-Po sulphide. Gold avg 9.4 g/t in hand picked samples.,314.07246918530785,4.486749559790113,11 KM SE OF CHONGWE OCCURRENCES
Charambana (Mo 264),-15.383333333333333,28.616666666666667,Lusaka Province,Mkushi,Lusaka Province > Mkushi,Lusaka,Mkushi,29 KM EAST OF LUSAKA,Copper,,,Active,,SHEAR/STRATIFORM,Malachite widespread 400m strike. Adit 1.3% Cu over 24m [cite: 947-948].,327.52771075995224,4.678967296570747,EAST OF LUSAKA
Colossus (Mo 263),-15.383333333333333,28.616666666666667,Lusaka Province,Mkushi,Lusaka Province > Mkushi,5 Km Nw Of Charambana,Mkushi,,Copper,,,Active,,QUARTZITE HOSTED,Low-grade occurrence in quartzite[cite: 950].,327.52771075995224,4.678967296570747,5 KM NW OF CHARAMBANA
Myoba (Mo 265),-15.383333333333333,28.616666666666667,Lusaka Province,Mkushi,Lusaka Province > Mkushi,2 Km S Of Charambana,Mkushi,,Copper,,,Active,,SHEAR,Malachite/chalcocite/bornite in limestone[cite: 951].,327.52771075995224,4.678967296570747,2 KM S OF CHARAMBANA
Logofo,-15.5,28.73333333333333,Lusaka Province,Mkushi,Lusaka Province > Mkushi,Lusaka,Mkushi,46 KM EAST OF LUSAKA,Gold,,,Active,NONE,HYDROTHERMAL VEIN,Ferruginous quartz veins cutting banded limestone. Assayed < 0.5 g/t [cite: 984-985].,343.3676615267746,4.905252307525352,LUSAKA AREA
Input Anomaly 148,-15.25,28.03333333333333,Lusaka Province,Kabwe,Lusaka Province > Kabwe,Lusaka,Kabwe,30 KM WEST OF LUSAKA,Sulphur,Zinc,Copper,Active,3.0 Million T @ 6.0% S[cite: 1015].,PYRITIC REPLACEMENT,Replacement in carbonate rocks of Cheta Formation.,302.7306246568286,4.324723209383265,WEST OF LUSAKA
Input Anomaly 16,-15.25,28.03333333333333,Lusaka Province,Kabwe,Lusaka Province > Kabwe,Lusaka,Kabwe,30 KM WEST OF LUSAKA,Sulphur,Zinc,Lead,Active,11.4 Million T @ 6.0% S[cite: 1015].,PYRITIC REPLACEMENT,,302.7306246568286,4.324723209383265,WEST OF LUSAKA
Input Anomaly 46,-15.25,28.03333333333333,Lusaka Province,Kabwe,Lusaka Province > Kabwe,Lusaka,Kabwe,30 KM WEST OF LUSAKA,Sulphur,Zinc,Copper,Active,10.0 Million T @ 12.0% S[cite: 1015].,PYRITIC REPLACEMENT,,302.7306246568286,4.324723209383265,WEST OF LUSAKA
White Rock,-15.5,28.133333333333333,Lusaka Province,Kabwe,Lusaka Province > Kabwe,Lusaka,Kabwe,35 KM SW OF LUSAKA,Zinc,Copper,Lead,Active,NIL,SECONDARY CARBONATE-HOSTED ZINC,Original outcrop 46m x 4.5m. Mineralization continues 250m strike [cite: 1061-1063].,331.2947792323636,4.732782560462337,LUSAKA DISTRICT
Excelsior Zinc,-15.416666666666666,28.166666666666668,Lusaka Province,Kabwe,Lusaka Province > Kabwe,Lusaka,Kabwe,15-20 KM WEST OF LUSAKA,Zinc,Silver,,Active,NIL,CARBONATE-HOSTED VEIN,"Willemite in coarse calcite veins in dolomite. Avg 40% Zn, 78 g/t Ag.",322.4309516237371,4.6061564517676725,LUSAKA DISTRICT
Star Zinc,-15.3,28.23333333333333,Lusaka Province,Kabwe,Lusaka Province > Kabwe,Lusaka,Kabwe,19 KM NORTH OF LUSAKA,Zinc,,,Active (Small Mining),"Eastern Body: 73,000 T @ 16.5% Zn. Western: 118,200 T @ 21.58% Zn [cite: 1175].",CARBONATE-HOSTED ZINC SILICATE,Two flat tabular bodies of willemite in massive limestone [cite: 1181-1182].,310.41197365987443,4.434456766569634,LUSAKA DISTRICT
Chisamba (Rmc 108/109),-15.35,28.9,Lusaka Province,Mkushi,Lusaka Province > Mkushi,Chongwe,Mkushi,70 KM ESE OF LUSAKA,Gold,,,Active,NIL,HYDROTHERMAL QUARTZ VEIN,System of N-trending quartz veins 0.3-0.9m wide.,333.06640027680106,4.758091432525729,CHONGWE AREA
Kasisi (Mo 262),-15.333333333333334,28.466666666666665,Lusaka Province,Kabwe,Lusaka Province > Kabwe,Lusaka,Kabwe,28 KM NE FROM LUSAKA,Gold,Copper,,Active,NIL,HYDROTHERMAL QUARTZ VEIN (?),Sugary quartz boulders with weathered iron oxides. One 14.1% Cu/0.85 g/t Au [cite: 1254-1255].,318.3814043624637,4.548305776606624,LUSAKA AREA
Moola (Mo 297),-15.0,28.0,Lusaka Province,Kabwe,Lusaka Province > Kabwe,Lusaka,Kabwe,35 KM SW OF LUSAKA,Gold,,,Active,UNKNOWN,QUARTZ VEINS,Brecciated quartz veins over 3.2 sq km. Best sample 1.7 g/t Au [cite: 1290-1293].,274.7624358434806,3.9251776549068658,LUSAKA AREA
Katuba,-15.083333333333334,28.116666666666667,Central Province,Kabwe,Central Province > Kabwe,3 Km West Of Great North Road,Kabwe,25-30 KM NORTH OF LUSAKA,Copper,Gold,,Active,Resource 15 Million T @ 0.2-0.4% Cu.,DISSEMINATED COPPER,Lenticular sheared amphibolite in granite gneiss. 6 zones 0.54-2.09% Cu.,285.0088256641777,4.071554652345396,3 KM WEST OF GREAT NORTH ROAD
Umfondesi (Mo 273),-15.9,28.633333333333333,Lusaka Province,Mkushi,Lusaka Province > Mkushi,Lusaka,Mkushi,30 KM SE OF LUSAKA,Gold,Copper,Silver,Active,UNKNOWN,HYDROTHERMAL VEIN,"Quartz vein 1.8m x 0.2m. 11.9% Cu, 5.5 g/t Au, 11 g/t Ag [cite: 1370-1372].",383.76061559381,5.482294508482999,LUSAKA GOLD LINEAMENT
Chipongwe (Rmc 214),-15.683333333333334,28.48333333333333,Lusaka Province,Kabwe,Lusaka Province > Kabwe,Lusaka,Kabwe,,Gold,,,Active,UNKNOWN,GOSSANS,Mapompo limestones with massive hematitic lenses. Gossans with traces Au [cite: 1376-1377].,356.86253073960114,5.098036153422873,LUSAKA GOLD LINEAMENT
Rmc 224,-15.816666666666666,28.616666666666667,Lusaka Province,Mkushi,Lusaka Province > Mkushi,Lusaka,Mkushi,,Gold,,,Active,UNKNOWN,DIABASE,"Diabase intrusive. 0-2 g/t Au, 2.7-6% Cu [cite: 1374-1375].",374.3298520652136,5.347569315217338,LUSAKA GOLD LINEAMENT
Mo 284,-15.633333333333333,28.466666666666665,Lusaka Province,Kabwe,Lusaka Province > Kabwe,Lusaka,Kabwe,,Gold,,,Active,UNKNOWN,QUARTZITE,Rubble of Cu-bearing quartzite assayed < 0.2 g/t Au [cite: 1378-1379].,351.06377895736983,5.01519684224814,LUSAKA GOLD LINEAMENT
Sachimundu,-15.616666666666667,28.45,Lusaka Province,Kabwe,Lusaka Province > Kabwe,Lusaka,Kabwe,,Gold,,,Active,UNKNOWN,VEINLETS,Small quartz veinlets cutting limestones < 0.5 g/t Au [cite: 1380-1381].,348.9069562320574,4.984385089029392,LUSAKA GOLD LINEAMENT
Rmc 194 (Mo 266),-15.45,28.33333333333333,Lusaka Province,Kabwe,Lusaka Province > Kabwe,Lusaka,Kabwe,,Gold,,,Active,UNKNOWN,VEIN,550m+ quartz vein in Lusaka Dolomite. Sample 1.6 g/t Au [cite: 1382-1383].,328.48715047497654,4.692673578213951,LUSAKA GOLD LINEAMENT
Coral Reef (Mo 289),-15.566666666666666,28.35,Lusaka Province,Kabwe,Lusaka Province > Kabwe,Lusaka,Kabwe,,Gold,,,Active,UNKNOWN,SILICIFIED BAND,"Silicified band with Cu. Sample 2% Cu, 0.5 g/t Au [cite: 1384-1385].",341.57868610970326,4.879695515852903,LUSAKA GOLD LINEAMENT
Kampokola (Mo 288),-15.6,28.4,Lusaka Province,Kabwe,Lusaka Province > Kabwe,Lusaka,Kabwe,,Gold,,,Active,UNKNOWN,VEIN,"Vein up to 0.9m wide. At 10m depth, 0.3m reported 2 g/t Au [cite: 1387-1388].",346.1217525629282,4.944596465184688,LUSAKA GOLD LINEAMENT
Lukwanda (Mo 287),-15.616666666666667,28.416666666666668,Lusaka Province,Kabwe,Lusaka Province > Kabwe,Lusaka,Kabwe,,Gold,,,Active,UNKNOWN,QUARTZITE,"Quartz rich facies with malachite. Sample 0.5 g/t Au, 6.5% Cu [cite: 1389-1390].",348.2582340241608,4.975117628916583,LUSAKA GOLD LINEAMENT
Rmc 226,-15.65,28.433333333333334,Lusaka Province,Kabwe,Lusaka Province > Kabwe,Lusaka,Kabwe,,Gold,,,Active,UNKNOWN,QUARTZITE,"Basal quartzite. Avg 10 samples 2.6% Cu, < 0.1 g/t Au [cite: 1391-1392].",352.2235316517801,5.031764737882574,LUSAKA GOLD LINEAMENT
Chumbwe,-15.566666666666666,28.83333333333333,Lusaka Province,Mkushi,Lusaka Province > Mkushi,Lusaka,Mkushi,64 KM ESE OF LUSAKA,Gold,,,Active,"Rough est 17,000 T @ 7.8 g/t Au.",HYDROTHERMAL QUARTZ VEIN,Auriferous quartz vein in fault. Surface enriched (51.4 g/t). Three shoots [cite: 1446-1450].,353.5756637625881,5.051080910894116,LUSAKA AREA
Mitaba Serpentinite,-15.666666666666666,28.966666666666665,Lusaka Province,Mkushi,Lusaka Province > Mkushi,South Of Mitaba River,Mkushi,90 KM SE OF LUSAKA,Nickel,,,Active,1.14 Million T @ 0.64% Ni (to 9.1m depth)[cite: 1506].,SURFACE ENRICHED NICKEL,"Peak Ni in serpentinite (up to 1% near surface), dropping to 0.3-0.4% at depth.",368.6338626815714,5.266198038308162,SOUTH OF MITABA RIVER
Tasaru (Mo 270),-15.65,28.75,Lusaka Province,Mkushi,Lusaka Province > Mkushi,Mpande Dome Area,Mkushi,75 KM SE OF LUSAKA,Gold,Copper,,Active,UNKNOWN,HYDROTHERMAL VEIN,Quartz vein 0.3-0.4m exposed 250m. Dump material 12.3 g/t Au [cite: 1568-1569].,359.8934761291808,5.141335373274012,MPANDE DOME AREA
Moquise (Mikwizi),-15.533333333333331,28.633333333333333,Lusaka Province,Mkushi,Lusaka Province > Mkushi,Lusaka,Mkushi,38 KM EAST OF LUSAKA,Gold,,,Active,NONE,ELUVIAL GOLD,Eluvial gold overlying limestones of Cheta Group. Minor pyrite/malachite.,344.12222943588915,4.91603184908413,LUSAKA AREA
Sondera (Mo 301),-15.75,28.75,Lusaka Province,Mkushi,Lusaka Province > Mkushi,Mpande Dome,Mkushi,62 KM SE OF LUSAKA,Gold,,,Active,NONE,HYDROTHERMAL VEIN,Ferruginous quartz vein cutting schists/gneiss. Avg 15 samples 2.2 g/t Au [cite: 1634-1636].,370.6073535079809,5.294390764399728,MPANDE DOME
Mvula (Copper),-15.833333333333334,28.633333333333333,Lusaka Province,Mkushi,Lusaka Province > Mkushi,Kafue,Mkushi,50 KM SE OF LUSAKA,Copper,Gold,Silver,Active,NIL,DOLOMITE BRECCIA-HOSTED,Brecciated dolomitic siltstone to marble. Gold up to 6 g/t.,376.5356582704581,5.379080832435115,EAST OF KAFUE-CHIRUNDU ROAD
Mpande (Copper),-15.666666666666666,28.4,Lusaka Province,Kabwe,Lusaka Province > Kabwe,Kafue,Kabwe,50 KM SE OF LUSAKA,Copper,Gold,Silver,Active,NIL,DOLOMITE BRECCIA-HOSTED,Best result 0.75% Cu over 7.23m.,353.4258524516574,5.048940749309391,EAST OF KAFUE-CHIRUNDU ROAD
Chipongwe Iron,-15.616666666666667,28.25,Lusaka Province,Kabwe,Lusaka Province > Kabwe,9 Km East Of Chipongwe Siding,Kabwe,29 KM SOUTH OF LUSAKA,Iron,,,Active,"Rubble: 40,000 T @ >65% Fe [cite: 1692].",SEDIMENTARY IRON FORMATION,Rubble of massive specularite over nose of NW plunging anticline [cite: 1698-1699].,345.557696094713,4.936538515638757,9 KM EAST OF CHIPONGWE SIDING
Kesya,-15.9,28.45,Lusaka Province,Kabwe,Lusaka Province > Kabwe,North Side Of Kesya River,Kabwe,32 KM SSE OF KAFUE,Copper,Rare Earths,,Active,NIL,CARBONATITE,"Two lopolith-shaped carbonatites described by BRGM. Stream sed 380 ppm Cu, 370 ppm Ni[cite: 1727].",379.90344438208217,5.427192062601174,NORTH SIDE OF KESYA RIVER
Mkwishi,-15.666666666666666,28.5,Lusaka Province,Kabwe,Lusaka Province > Kabwe,Lusaka,Kabwe,35 KM SE OF LUSAKA,Copper,Niobium,Rare Earths,Active,NONE,CARBONATITE,See comments re Kesya.,355.3942592225502,5.077060846036432,LUSAKA DISTRICT
Munali,-15.9,28.116666666666667,Lusaka Province,Kabwe,Lusaka Province > Kabwe,Kafue,Kabwe,64 ROAD KM SSW OF LUSAKA,Nickel,Copper,Platinum,Dormant,Indicated: 2.06M T @ 1.1% Ni. MRD (1989) Geological East Zone: 13.45M T @ 1.07% Ni[cite: 3013].,LENSOID NICKEL SULPHIDE,"Ni mineralization at contact of Munali Gabbro. Sulphides pyrrhotite, pentlandite [cite: 3053-3058].",375.4614562775947,5.363735089679925,MUNALI HILLS (S OF KAFUE RIVER)
Mwiri Copper,-15.683333333333334,28.133333333333333,Lusaka Province,Kabwe,Lusaka Province > Kabwe,Kafue,Kabwe,27 KM SOUTH OF LUSAKA,Copper,,,Active,NONE,STRATIFORM COPPER,Trench assayed 2.49% Cu over 8.2m. Best drill 1.10% Cu over 0.5m.,351.5975015569229,5.0228214508131845,KAFUE FLATS
Nickel Anomaly 'Y',-15.533333333333331,28.066666666666663,Lusaka Province,Kabwe,Lusaka Province > Kabwe,15 Km E Of Nampundwe,Kabwe,27 KM SW OF LUSAKA,Nickel,,,Active,NIL,DISSEMINATED NICKEL IN ULTRABASIC,Gabbro-peridotite. Best drill intercept 0.9% Ni from 50.8m.,334.406095101256,4.777229930017943,15 KM E OF NAMPUNDWE
Funswe (Mo 278),-15.75,28.433333333333334,Lusaka Province,Kabwe,Lusaka Province > Kabwe,Mpande Dome,Kabwe,40 KM SSE OF LUSAKA,Gold,Copper,,Active,UNKNOWN,HYDROTHERMAL VEIN,Poorly exposed veinlets 0.6m width with 4 g/t Au[cite: 3216].,363.1672010920802,5.188102872744003,MPANDE DOME
Kechivere (Mo 294),-15.7,28.3,Lusaka Province,Kabwe,Lusaka Province > Kabwe,Mpande Dome,Kabwe,40 KM SSE OF LUSAKA,Gold,,,Active,UNKNOWN,HYDROTHERMAL VEIN,Float-rubble assayed 3 g/t Au[cite: 3218].,355.4480285644572,5.077828979492246,MPANDE DOME
Muchito (Mjuto / Mo 298),-15.616666666666667,28.366666666666667,Lusaka Province,Kabwe,Lusaka Province > Kabwe,Mpande Dome Area,Kabwe,25 KM SOUTH OF LUSAKA,Gold,,,Active,"12,000 cu m gravel. Best 0.4 g/t Au [cite: 3252-3254].",PLACER GOLD,Alluvial plain. Mean gold concentrations <0.1 g/t.,347.3526375237348,4.962180536053355,MPANDE DOME AREA
Namilo (Mochito / Mo 292),-15.616666666666667,28.366666666666667,Lusaka Province,Kabwe,Lusaka Province > Kabwe,Mpande Dome Area,Kabwe,,Gold,,,Active,NIL,VEIN,"Vein 100m long. Values up to 30 g/t, avg 1.5 g/t[cite: 3246].",347.3526375237348,4.962180536053355,MPANDE DOME AREA
Mapompo (Mo 280),-15.616666666666667,28.366666666666667,Lusaka Province,Kabwe,Lusaka Province > Kabwe,Mpande Dome Area,Kabwe,,Gold,,,Active,NIL,PLACER GOLD,Alluvial occurrence.,347.3526375237348,4.962180536053355,MPANDE DOME AREA
Namola (Mo 300),-15.616666666666667,28.366666666666667,Lusaka Province,Kabwe,Lusaka Province > Kabwe,Mpande Dome Area,Kabwe,,Gold,,,Active,NIL,PLACER GOLD,Alluvial occurrence.,347.3526375237348,4.962180536053355,MPANDE DOME AREA
Mvula (Corundum),-15.25,29.03333333333333,Lusaka Province,Mkushi,Lusaka Province > Mkushi,Kafue,Mkushi,,Corundum,,,Active,NIL,CONTACT METAMORPHIC,Corundum crystals (up to 4cm) in pockets in contact zone[cite: 3311].,327.972770782891,4.685325296898443,8 KM NNW OF KAFUE/KALEYA JCT
Rufunsa Corundum (Mo 162),-15.25,29.03333333333333,Lusaka Province,Mkushi,Lusaka Province > Mkushi,Rufunsa,Mkushi,,Corundum,,,Active,NIL,CONTACT METAMORPHIC,Two localities. Crystals up to 1cm associated with kyanite [cite: 3313-3314].,327.972770782891,4.685325296898443,9 KM NW OF RUFUNSA
Mugoto (Mo 306),-15.25,29.03333333333333,Lusaka Province,Mkushi,Lusaka Province > Mkushi,4 Km W Of Chakela Hill (Nega Nega R.),Mkushi,,Mica,Corundum,,Active,NIL,PEGMATITE,"Pegmatite dykes worked for mica, contain poor quality corundum [cite: 3316-3317].",327.972770782891,4.685325296898443,4 KM W OF CHAKELA HILL (NEGA NEGA R.)
Kaurashishi East (Mo 137),-15.35,29.8,Lusaka Province,Mkushi,Lusaka Province > Mkushi,Rufunsa,Mkushi,33 KM SSE OF RUFUNSA,Copper,Gold,Bismuth,Active,UNKNOWN,HYDROTHERMAL QUARTZ VEIN,Vein 122m x 3m. Central portion assayed 4.6 g/t Au[cite: 3340].,377.3211487212937,5.39030212458991,RUFUNSA AREA
Mo 140,-15.5,29.666666666666668,Lusaka Province,Mkushi,Lusaka Province > Mkushi,Rufunsa,Mkushi,85 KM S OF GREAT EAST ROAD,Copper,Gold,,Active,NIL,METAVOLCANICS,Grab samples 2.4% Cu / 1.5 g/t Au[cite: 3385].,383.69733256479793,5.481390465211399,KANGALUWI GROUP (S OF RUFUNSA)
Mo 141 (Chiwjyu),-15.5,29.666666666666668,Central Province,Mkushi,Central Province > Mkushi,Kangaluwi Group,Mkushi,85 KM S OF GREAT EAST ROAD,Gold,,,Active,NIL,EPIDOTE-TOURMALINE STOCKWORK,High Au values. Main shaft 3.57% Cu over 10m [cite: 3386-3387].,383.69733256479793,5.481390465211399,KANGALUWI GROUP
Chiwjyu East Extension,-15.5,29.666666666666668,Central Province,Mkushi,Central Province > Mkushi,Kangaluwi Group,Mkushi,,Copper,,,Active,NIL,VEIN,Orebody average 3.9% Cu over 3.5m[cite: 3387].,383.69733256479793,5.481390465211399,KANGALUWI GROUP
Kangaluwi / Kalulu (Mo 142/143),-15.5,29.666666666666668,Central Province,Mkushi,Central Province > Mkushi,Kangaluwi Group,Mkushi,85 KM S OF GREAT EAST ROAD,Copper,Gold,,Active,NIL,QUARTZITE/SCHIST,5km strike disseminated malachite. Assays to 8.1% Cu [cite: 3388-3389].,383.69733256479793,5.481390465211399,KANGALUWI GROUP
Mo 144,-15.5,29.666666666666668,Central Province,Mkushi,Central Province > Mkushi,Kangaluwi Group,Mkushi,85 KM S OF GREAT EAST ROAD,Copper,,,Active,Resource 1.5 Million T @ 0.5% Cu.,QUARTZITE,Disseminated chalcocite 300 x 5m. Best drill 0.57% Cu over 9.5m [cite: 3395-3396].,383.69733256479793,5.481390465211399,KANGALUWI GROUP
Chisua (Mo 145),-15.5,29.666666666666668,Central Province,Mkushi,Central Province > Mkushi,Kangaluwi Group,Mkushi,85 KM S OF GREAT EAST ROAD,Copper,,,Active,NIL,PHYLLITE,Disseminated malachite. Adit #2: 1.59% Cu over 4.9m [cite: 3398-3400].,383.69733256479793,5.481390465211399,KANGALUWI GROUP
Chakwenga Beryl (Mo 148),-15.5,29.58333333333333,Central Province,Mkushi,Central Province > Mkushi,Chakwenga River,Mkushi,45 KM SOUTH OF RUFUNSA,Beryl,Amazonite,,Active,UNKNOWN,BERYL PEGMATITE,Float from pegmatite dykes. Amazonite patchy over 30m [cite: 3444-3446].,379.1851632257702,5.416930903225289,CHAKWENGA RIVER
Kamakonde (Mo 155),-15.4,29.633333333333333,Central Province,Mkushi,Central Province > Mkushi,Kamakonde Group,Mkushi,120 KM EAST OF LUSAKA,Copper,Gold,,Active,UNKNOWN,HYDROTHERMAL VEIN,Two quartz veinlets. Best grab 16.4% Cu and 2.4 g/t Au[cite: 3474].,372.33252663437145,5.319036094776735,KAMAKONDE GROUP
Rmc 141 (Kamakonde),-15.45,29.633333333333333,Central Province,Mkushi,Central Province > Mkushi,Kamakonde Group,Mkushi,,Copper,Gold,Silver,Active,UNKNOWN,LENSES/VEINS,"Grab samples 21.9% Cu, 0.5 g/t Au, 48 g/t Ag[cite: 3474].",377.0922011062096,5.387031444374423,KAMAKONDE GROUP
Rmc 195 (Kamakonde),-15.416666666666666,29.683333333333334,Central Province,Mkushi,Central Province > Mkushi,Kamakonde Group,Mkushi,,Copper,,,Active,UNKNOWN,LENSES,Mineralized lenses assayed 3.6% Cu and 2.4% Cu[cite: 3474].,376.7208277866426,5.381726111237751,KAMAKONDE GROUP
Rmc 146 (Kamakonde),-15.466666666666669,29.6,Central Province,Mkushi,Central Province > Mkushi,Kamakonde Group,Mkushi,,Gold,,,Active,UNKNOWN,ELUVIAL/SHEAR,Eluvial occurrence. Best grab sample 11 g/t Au[cite: 3474].,376.8695038391343,5.383850054844776,KAMAKONDE GROUP
Rmc 145 (Kamakonde),-15.383333333333333,29.633333333333333,Central Province,Mkushi,Central Province > Mkushi,Kamakonde Group,Mkushi,,Copper,,,Active,UNKNOWN,LENSES,Rubble and float similar to RMC 141[cite: 3474].,370.7509114852097,5.296441592645853,KAMAKONDE GROUP
Kyebwe,-15.266666666666667,29.0,Lusaka Province,Mkushi,Lusaka Province > Mkushi,Chinyunyu Dome,Mkushi,80 KM EAST OF LUSAKA,Gold,Tungsten,,Active,UNKNOWN,HYDROTHERMAL VEIN,"Brecciated quartz veins. Scheelite, wolframite, gold[cite: 1756].",328.30178239905393,4.690025462843628,CHINYUNYU DOME
Geelong Malunda,-15.0,29.0,Lusaka Province,Mkushi,Lusaka Province > Mkushi,Rufunsa,Mkushi,35 KM EAST OF RUFUNSA,Gold,Bismuth,,Active,UNKNOWN,QUARTZ VEIN,Quartz veins 0.6-1.2m wide. Best value 1.4 g/t Au[cite: 1793].,301.0896517709148,4.301280739584498,RUFUNSA AREA
Kaurashishi (Mo 136),-15.333333333333334,29.766666666666666,Lusaka Province,Mkushi,Lusaka Province > Mkushi,Rufunsa,Mkushi,28 KM SSE OF RUFUNSA,Gold,Copper,Bismuth,Active,UNKNOWN,HYDROTHERMAL QUARTZ VEINS,Five veins. Vein B (160m long) assayed 4.8 g/t Au over 4.4m [cite: 1827-1832].,373.786396068668,5.339805658123828,RUFUNSA AREA
Moiya (Mo 149/152),-15.0,29.0,North-Western Province,Mkushi,North-Western Province > Mkushi,Zambezi,Mkushi,4 KM WEST OF CHAKWENGA,Gold,,,Active,UNKNOWN,QUARTZ VEIN SEGREGATIONS,Quartz fragments over 213 x 152m. Values up to 170 g/t Au[cite: 1866].,301.0896517709148,4.301280739584498,LOWER ZAMBEZI NATIONAL PARK
Misangombe,-15.45,29.35,Lusaka Province,Mkushi,Lusaka Province > Mkushi,Rufunsa,Mkushi,104 KM EAST OF LUSAKA,Copper,,,Active,NIL,SHEAR ZONE COPPER,Sheared quartzite. Zone 1.00-1.30% Cu over 4.6m [cite: 1896-1897].,362.4521231447311,5.177887473496159,RUFUNSA AREA
Ikondo Kyaosa,-15.5,29.316666666666663,North-Western Province,Mkushi,North-Western Province > Mkushi,Zambezi,Mkushi,100 KM EAST OF LUSAKA,Gold,,,Active,NIL,ALLUVIAL OCCURRENCE,Gold in sediments of Ikondo River.,365.85811755776194,5.226544536539456,WEST EDGE LOWER ZAMBEZI PARK
Mukonje,-15.333333333333334,29.15,Lusaka Province,Mkushi,Lusaka Province > Mkushi,Head Of Musangashi River,Mkushi,90 KM EAST OF LUSAKA,Gold,Nickel,,Active,NIL,NICKELIFEROUS GABBRO,Large ultramafic body. Best geochem 2750 ppm Ni.,341.493712066989,4.878481600956986,HEAD OF MUSANGASHI RIVER
Chiboleka (Mo 175),-15.433333333333334,29.28333333333333,Lusaka Province,Mkushi,Lusaka Province > Mkushi,Lusaka,Mkushi,100 KM EAST OF LUSAKA,Gold,,,Active,NIL,HYDROTHERMAL QUARTZ VEIN,Low gold values in tourmaline bearing quartz veinlets [cite: 1996-1997].,357.6292967107813,5.108989953011162,LUSAKA AREA
Munyanja (Mo 308),-15.4,28.966666666666665,Lusaka Province,Mkushi,Lusaka Province > Mkushi,Lusaka,Mkushi,80 KM SE OF LUSAKA,Gold,,,Active,NIL,HYDROTHERMAL QUARTZ VEIN,Quartz vein rubble assayed Nil to 6 g/t Au[cite: 1998].,340.77176384259894,4.86816805489427,LUSAKA AREA
Kaiyenda A,-15.0,29.0,Lusaka Province,Mkushi,Lusaka Province > Mkushi,Rufunsa,Mkushi,60 KM SE OF RUFUNSA,Gold,Copper,Bismuth,Active,UNKNOWN,QUARTZ VEINS,Narrow stringers. Max 2.9 g/t Au[cite: 2036].,301.0896517709148,4.301280739584498,RUFUNSA AREA
Kaiyenda B,-15.0,29.0,Lusaka Province,Mkushi,Lusaka Province > Mkushi,Rufunsa,Mkushi,,Gold,Copper,Bismuth,Active,UNKNOWN,QUARTZ VEINS,0.3m wide limonitic quartz vein assayed 36.7 and 24.3 g/t Au[cite: 2036].,301.0896517709148,4.301280739584498,RUFUNSA AREA
Kaiyenda C,-15.0,29.0,Lusaka Province,Mkushi,Lusaka Province > Mkushi,Rufunsa,Mkushi,,Gold,Copper,Bismuth,Active,UNKNOWN,QUARTZ VEINS,Two 18m long veins. Selected samples up to 11 and 221 g/t Au[cite: 2037].,301.0896517709148,4.301280739584498,RUFUNSA AREA
Kaiyenda D,-15.0,29.0,Lusaka Province,Mkushi,Lusaka Province > Mkushi,Rufunsa,Mkushi,,Gold,Copper,Bismuth,Active,UNKNOWN,QUARTZ VEINS,"0.09m wide quartz stringer. Assays 11.2, 4.5, 25.7, 43.2 g/t Au[cite: 2037].",301.0896517709148,4.301280739584498,RUFUNSA AREA
Cheowa (Mo 185),-15.533333333333331,29.116666666666667,North-Western Province,Mkushi,North-Western Province > Mkushi,Zambezi,Mkushi,145 KM SE OF LUSAKA,Copper,Gold,,Active,"Oxide: 302,000 ST @ 2.25% Cu. Sulphide: 341,000 ST @ 4.25% Cu [cite: 2075-2076].",SHEAR ZONE,Major ENE shear zone. Adit X-cut averaged 2.20% Cu over 5.4m [cite: 2087-2091].,360.4824038170577,5.149748625957967,15 KM NORTH OF ZAMBEZI RIVER
Neningombe West (Mo 181),-15.533333333333331,29.116666666666667,Lusaka Province,Mkushi,Lusaka Province > Mkushi,Cheowa Group Area,Mkushi,,Copper,,,Active,Unknown.,SHEAR ZONE,Adit 23.8m long. Channels 0.75-6.0% Cu. Best gold 9.9 g/t [cite: 2092-2093].,360.4824038170577,5.149748625957967,CHEOWA GROUP AREA
Weocha,-15.533333333333331,29.116666666666667,Lusaka Province,Mkushi,Lusaka Province > Mkushi,Cheowa Group Area,Mkushi,,Copper,,,Active,Unknown.,SHEAR ZONE,Part of Cheowa structure.,360.4824038170577,5.149748625957967,CHEOWA GROUP AREA
Mpata (Gorge) Area,-15.5,30.0,Central Province,Mkushi,Central Province > Mkushi,Feira Prohibited Area,Mkushi,65 KM SE OF RUFUNSA,Nickel,Chrome,Platinum,Active,NIL,ULTRABASIC DYKE,Hypersthene norites. Ni anomaly between 100 & 2000 ppm[cite: 2123].,403.247700642602,5.760681437751457,FEIRA PROHIBITED AREA
Paulwi Hill,-15.6,29.416666666666668,North-Western Province,Mkushi,North-Western Province > Mkushi,Zambezi,Mkushi,120 KM ESE OF LUSAKA,Nickel,Copper,Asbestos,Active,NIL,SILICATE NICKEL MINERALIZATION,Ultrabasic complex. Serpentinite carries 0.2-0.3% Ni (silicates) [cite: 2214-2224].,380.56351014889975,5.436621573555711,NORTH BANK OF ZAMBEZI RIVER
Chindulwe,-15.516666666666667,29.23333333333333,North-Western Province,Mkushi,North-Western Province > Mkushi,Zambezi,Mkushi,100 KM EAST OF LUSAKA,Copper,Gold,,Active,See Cheowa.,DISSEMINATIONS,Copper disseminations in basic metavolcanics. Cu and Au in quartz veins [cite: 2260-2262].,363.7486888182321,5.196409840260459,WEST EDGE LOWER ZAMBEZI PARK
Chasweta,-15.333333333333334,30.28333333333333,Central Province,Mkushi,Central Province > Mkushi,12 Km Ese Of Katondwe Mission,Mkushi,75 KM ESE OF RUFUNSA,Phosphate,Barite,Niobium,Active,NIL,CARBONATITE,"Eroded relic twin volcano. Soil values 0.3% Nb2O5, 3.25% P2O5[cite: 2290].",407.2926416355182,5.818466309078831,12 KM ESE OF KATONDWE MISSION
Kaluwe,-15.183333333333334,30.0,Central Province,Mkushi,Central Province > Mkushi,20 Km West Of Katondwe Mission,Mkushi,60 KM SSE OF RUFUNSA,Phosphate,Niobium,Iron,Feasibility Evaluation,Soils: 6.6M T @ 5.7% P2O5. Rock: 207M T @ 2.5% P2O5[cite: 2324].,CARBONATITE,Carbonatite conformable in Karoo sediments. 9.6km long[cite: 2330].,375.0918648787339,5.358455212553341,20 KM WEST OF KATONDWE MISSION
Mwambuto,-15.316666666666666,30.166666666666668,Central Province,Mkushi,Central Province > Mkushi,12 Km Sw Of Katondwe Mission,Mkushi,70 KM ESE OF RUFUNSA,Phosphate,Barite,Niobium,Active,NIL,CARBONATITE,Isolated ring of hills. Soil sampling avg 3.5% P2O5[cite: 2369].,397.85477363122914,5.683639623303273,12 KM SW OF KATONDWE MISSION
Nchoncho,-14.983333333333333,30.05,Central Province,Mkushi,Central Province > Mkushi,Katondwe Area,Mkushi,30 KM NW OF KATONDWE,Gold,Bismuth,,Active,"6,000 T @ 0.25% Bi[cite: 2387].",HYDROTHERMAL QUARTZ VEIN,Several veins 0.9-2.1m wide. Traces to 0.4% Bi [cite: 2408-2409].,361.478482353492,5.1639783193356,KATONDWE AREA
Nkaseka Hill (Mo 121),-15.016666666666667,30.05,Central Province,Mkushi,Central Province > Mkushi,Katondwe Area,Mkushi,,Gold,Bismuth,,Active,Unknown.,HYDROTHERMAL QUARTZ VEIN,Best value 3.7 g/t Au[cite: 2413].,364.268629711044,5.203837567300628,KATONDWE AREA
Mulambwa (Mo 119-120),-15.0,30.1,Central Province,Mkushi,Central Province > Mkushi,Katondwe Area,Mkushi,,Gold,,,Active,Unknown.,RUBBLE,Rubble and float assayed traces to 4.5 g/t Au[cite: 2417].,366.4293806186971,5.234705437409959,KATONDWE AREA
Mo 118,-14.983333333333333,30.23333333333333,Central Province,Mkushi,Central Province > Mkushi,Katondwe Area,Mkushi,,Gold,,,Active,Unknown.,PLACER,Pan concentrates produced only a few gold colours.,374.7887332052432,5.354124760074903,KATONDWE AREA
Mo 125,-15.0,30.116666666666667,Central Province,Mkushi,Central Province > Mkushi,Katondwe Area,Mkushi,,Gold,Bismuth,Copper,Active,Unknown.,VEIN,"8 samples 1.7-3.4 g/t Au, one assayed 81.6 g/t [cite: 2420-2422].",367.6253095321181,5.251790136173115,KATONDWE AREA
Mo 126,-15.05,30.166666666666668,Central Province,Mkushi,Central Province > Mkushi,Katondwe Area,Mkushi,,Gold,Bismuth,,Active,Unknown.,VEIN,Samples 1.7-3.4 g/t Au. Largest vein 290m x 1.2m [cite: 2424-2425].,375.3502604685313,5.362146578121876,KATONDWE AREA
Yala Hills (Mo 127),-15.133333333333333,30.166666666666668,Central Province,Mkushi,Central Province > Mkushi,Katondwe Area,Mkushi,,Gold,,,Active,Unknown.,PLACER,Alluvial occurrence.,382.2783088365732,5.461118697665331,KATONDWE AREA
Nachomba,-15.25,30.0,Central Province,Mkushi,Central Province > Mkushi,12 Km West Of Katondwe Mission,Mkushi,65 KM ESE OF RUFUNSA,Phosphate,Niobium,,Active,NIL,CARBONATITE,"Silicified carbonatite hill. Soil grades 0.2% Nb2O5, 3.05% P2O5 [cite: 2457-2462].",380.9219996368406,5.441742851954866,12 KM WEST OF KATONDWE MISSION
Chirinde,-15.25,30.0,Central Province,Mkushi,Central Province > Mkushi,2 Km N Of Nachomba,Mkushi,65 KM ESE OF RUFUNSA,Phosphate,,,Active,NIL,CARBONATITE,Depression 2km diameter adjoining The Uma.,380.9219996368406,5.441742851954866,2 KM N OF NACHOMBA
Silowana Plain,-17.0,23.416666666666668,Northern Province,Dongue River (North Side),Northern Province > Dongue River (North Side),Extreme Sw Of Zambia,Dongue River (North Side),KATIMA MULILO IS ON EAST EDGE,Diamond,,,Active,NIL,KIMBERLITE INDICATOR MINERALS,Kalahari sand covered area.,688.3060186020563,9.83294312288652,EXTREME SW OF ZAMBIA
Kataba (Njoko),-16.216666666666665,24.766666666666666,Northern Province,Dongue River (North Side),Northern Province > Dongue River (North Side),Headwaters Of Njoko Stream,Dongue River (North Side),SW OF KAFUE NATIONAL PARK,Diamond,,,Active,NIL,DIAMOND OCCURRENCE,4 diamonds (0.102 C) from Njoko stream[cite: 2517].,527.2603676333089,7.532290966190127,HEADWATERS OF NJOKO STREAM
Mulobezi (Ck1),-16.583333333333332,25.2,Lusaka Province,Kafue,Lusaka Province > Kafue,Kafue,Kafue,PL SURROUNDS MULOBEZI VILLAGE,Diamond,,,Active,NIL,KIMBERLITE,Elongate body 240 x 45m beneath 13m sand [cite: 2554-2555].,533.0192175305809,7.61456025043687,SW OF KAFUE NATIONAL PARK
Ck2 (Mulobezi),-16.583333333333332,25.2,Northern Province,Kafue,Northern Province > Kafue,1200M Nw Of Ck1,Kafue,,Diamond,,,Active,NIL,KIMBERLITE,Pear shaped 85m wide. Ferricrete cap[cite: 2557].,533.0192175305809,7.61456025043687,1200M NW OF CK1
Ck3 (Ak1),-16.583333333333332,25.2,Northern Province,Kafue,Northern Province > Kafue,40 Km Sw Of Ck1,Kafue,,Diamond,,,Active,NIL,KIMBERLITE,Dimensions 150 x 70m [cite: 2559-2560].,533.0192175305809,7.61456025043687,40 KM SW OF CK1
Nawinda,-16.5,24.75,Lusaka Province,Dongue River (North Side),Lusaka Province > Dongue River (North Side),Kafue,Dongue River (North Side),SW BOUNDARY 40 KM NW OF MULOBEZI,Diamond,,,Active,NIL,KIMBERLITE INDICATOR MINERALS,Bulk sampling of Kweemba produced 6 diamonds[cite: 2590].,553.0362399770862,7.900517713958375,SW OF KAFUE NATIONAL PARK
Dk2 (Loazamba),-17.033333333333335,24.916666666666668,Northern Province,Kafue,Northern Province > Kafue,Between Loazamba And Machile Rivers,Kafue,40 KM SW OF MULOBEZI,Diamond,,,Active,NIL,KIMBERLITE,Pipe < 100m diameter. Abundant indicators[cite: 2635].,591.4211867867208,8.448874096953155,BETWEEN LOAZAMBA AND MACHILE RIVERS
Dk3 (Loazamba),-17.033333333333335,24.916666666666668,Northern Province,Kafue,Northern Province > Kafue,Loazamba Pl,Kafue,,Diamond,,,Active,NIL,KIMBERLITE,Small pipe max diameter 25m[cite: 2635].,591.4211867867208,8.448874096953155,LOAZAMBA PL
Bk1 (Loazamba),-17.033333333333335,24.916666666666668,Northern Province,Kafue,Northern Province > Kafue,Loazamba Pl,Kafue,,Diamond,,,Active,NIL,KIMBERLITE,Intruded into basalt beneath 38m sand[cite: 2635].,591.4211867867208,8.448874096953155,LOAZAMBA PL
Ak1 (Lusu),-17.083333333333332,24.53333333333333,Northern Province,Dongue River (North Side),Northern Province > Dongue River (North Side),Adjoins Botswana Border,Dongue River (North Side),SESHEKE IS ON SOUTH EDGE,Diamond,,,Active,NIL,KIMBERLITE,Intruded into Karoo basalt beneath sand. 180 x 75m[cite: 2671].,618.8851367044199,8.84121623863457,ADJOINS BOTSWANA BORDER
Chamoka Copper,-16.466666666666665,26.53333333333333,Northern Province,Mumbwa,Northern Province > Mumbwa,"Southern Province, Namwala/Kalomo",Mumbwa,62 KM NW OF CHOMA,Copper,,,Active,NONE,STRATIFORM COPPER,Drill avg 0.49% Cu over 2.6m[cite: 2712].,459.75483207167423,6.567926172452489,"SOUTHERN PROVINCE, NAMWALA/KALOMO"
Namata Ridge,-16.583333333333332,26.33333333333333,Northern Province,Mumbwa,Northern Province > Mumbwa,Siakaunda Locality,Mumbwa,72 KM WNW OF CHOMA,Iron,,,Active,NIL,SEDIMENTARY IRON FORMATION,Hematite/Magnetite. One sample assayed 38% Fe [cite: 2750-2753].,478.9987691087584,6.842839558696548,SIAKAUNDA LOCALITY
Batoka,-16.583333333333332,27.25,Southern Province,Mumbwa,Southern Province > Mumbwa,Choma,Mumbwa,150 KM SW OF KAFUE,Diamond,,,Active,NIL,DIAMOND OCCURRENCE,"One small diamond recorded, not confirmed.",454.94700716404833,6.499242959486405,AREA BETWEEN PEMBA AND CHOMA
Phoenix,-16.966666666666665,27.416666666666668,Southern Province,Mumbwa,Southern Province > Mumbwa,Choma,Mumbwa,35 KM NW OF SINAZONGWE,Mica,Beryl,,Local Mining,UNKNOWN,BERYL PEGMATITE,Mica mine with beryl.,495.1638773714392,7.073769676734846,E OF ROAD CHOMA-SINAZONGWE
Buffalo Xix And Xx,-17.116666666666667,27.2,Southern Province,Mumbwa,Southern Province > Mumbwa,Choma,Mumbwa,35 KM NORTH OF SINAZONGWE,Mica,Beryl,,Local Mining,UNKNOWN,BERYL PEGMATITE,Beryl locality.,514.4112696082506,7.348732422975008,W OF ROAD CHOMA-SINAZONGWE
Kapilisangwe,-16.4,28.75,Lusaka Province,Mkushi,Lusaka Province > Mkushi,East Of Siavonga Road,Mkushi,25 KM SOUTH OF CHIRUNDU,Amethyst,,,Local Mining,Reported >90T per vertical m.,AMETHYST VEINS,Veins up to 0.7m wide over 600m strike [cite: 2850-2852].,440.73707059481785,6.296243865640255,EAST OF SIAVONGA ROAD
Sachenga Mine,-16.25,28.166666666666668,Lusaka Province,Kabwe,Lusaka Province > Kabwe,Mines On Luisita River,Kabwe,70 KM SE OF MAZABUKA,Mica,Beryl,Tourmaline,Active,Mica reserves believed to exist.,PEGMATITES,Mica bearing pegmatites in biotite schist [cite: 2893-2895].,414.6825770378732,5.924036814826759,MINES ON LUISITA RIVER
Cholwe,-16.25,28.166666666666668,Lusaka Province,Kabwe,Lusaka Province > Kabwe,Sachenga Group,Kabwe,70 KM SE OF MAZABUKA,Mica,,,Active,,PEGMATITE,Part of Sachenga Group.,414.6825770378732,5.924036814826759,SACHENGA GROUP
Last Hope,-16.25,28.166666666666668,Lusaka Province,Kabwe,Lusaka Province > Kabwe,Sachenga Group,Kabwe,70 KM SE OF MAZABUKA,Mica,,,Active,,PEGMATITE,Part of Sachenga Group.,414.6825770378732,5.924036814826759,SACHENGA GROUP
Saikalinda,-16.25,28.166666666666668,Lusaka Province,Kabwe,Lusaka Province > Kabwe,Sachenga Group,Kabwe,70 KM SE OF MAZABUKA,Mica,,,Active,,PEGMATITE,Part of Sachenga Group.,414.6825770378732,5.924036814826759,SACHENGA GROUP
Munywamezi,-16.25,28.166666666666668,Lusaka Province,Kabwe,Lusaka Province > Kabwe,1.25 Km Nw Of Sachenga,Kabwe,70 KM SE OF MAZABUKA,Mica,,,Active,,PEGMATITE,One of largest pegmatites. 245m exposed [cite: 2896-2897].,414.6825770378732,5.924036814826759,1.25 KM NW OF SACHENGA
Glen,-16.25,28.166666666666668,Lusaka Province,Kabwe,Lusaka Province > Kabwe,Sachenga Group,Kabwe,70 KM SE OF MAZABUKA,Mica,,,Active,,PEGMATITE,Part of Sachenga Group.,414.6825770378732,5.924036814826759,SACHENGA GROUP
Sasha,-16.25,28.166666666666668,Lusaka Province,Kabwe,Lusaka Province > Kabwe,Sachenga Group,Kabwe,70 KM SE OF MAZABUKA,Mica,,,Active,,PEGMATITE,Part of Sachenga Group.,414.6825770378732,5.924036814826759,SACHENGA GROUP
Jack,-16.25,28.166666666666668,Lusaka Province,Kabwe,Lusaka Province > Kabwe,Sachenga Group,Kabwe,70 KM SE OF MAZABUKA,Mica,,,Active,,PEGMATITE,Part of Sachenga Group.,414.6825770378732,5.924036814826759,SACHENGA GROUP
Mwakambiko Hills,-17.7,26.883333333333333,Northern Province,Mumbwa,Northern Province > Mumbwa,6 Km Nw Of Siazawa,Mumbwa,90 KM SE OF KALOMO,Amethyst,,,Active,1400 tons quality stone (1961).,AMETHYST VEINS,Veins in belt 30km long.,583.7994360165194,8.339991943093134,6 KM NW OF SIAZAWA
